Entry page,Visitors,Count,Visit duration
https://www.ramify.fr/pea/etf,91,345,653
https://www.ramify.fr/bourse/meilleur-etf,56,284,586
https://www.ramify.fr/outils/calculatrice-interet-compose,49,333,508
https://www.ramify.fr/assurance-vie/succession,45,238,566
https://www.ramify.fr/assurance-vie/fiscalite,38,370,983
https://www.ramify.fr/assurance-vie/retrait-assurance-vie-8-ans,37,103,550
https://www.ramify.fr/per/fiscalite,28,131,623
https://www.ramify.fr/epargne/compte-a-terme,26,79,638
https://www.ramify.fr/assurance-vie/meilleure,21,206,653
https://www.ramify.fr/bourse/etf-sp-500,19,89,565
https://www.ramify.fr/outils/simulateur-droit-succession,18,61,267
https://www.ramify.fr/assurance-vie/ou-contrat-de-capitalisation,17,67,688
https://www.ramify.fr/per/meilleur,17,237,693
https://www.ramify.fr/gestion-de-patrimoine/flat-tax,16,60,307
https://www.ramify.fr/pea/retrait,14,103,692
https://www.ramify.fr/bourse/etf-monde,13,84,529
https://www.ramify.fr/gestion-de-patrimoine/meilleures-banques-privees,13,81,464
https://www.ramify.fr/gestion-de-patrimoine/meilleur-placement-senior,13,76,687
https://www.ramify.fr/assurance-vie/meilleures-luxembourgeoises,12,37,506
https://www.ramify.fr/defiscalisation/loi-girardin,11,66,491
https://www.ramify.fr/gestion-de-patrimoine/taux-marginal-imposition,10,37,155
https://www.ramify.fr/gestion-de-patrimoine/meilleurs-cabinets,10,97,708
https://www.ramify.fr/epargne/pea-ou-assurance-vie,9,89,1243
https://www.ramify.fr/pea,9,64,719
https://www.ramify.fr/gestion-de-patrimoine/investir-or,9,65,847
https://www.ramify.fr/pea/succession,9,21,1379
https://www.ramify.fr/per/deblocage-sortie,8,78,948
https://www.ramify.fr/produits-structures/meilleurs,8,38,144
https://www.ramify.fr/pea/meilleur,8,70,617
https://www.ramify.fr/produits-structures,8,82,786
https://www.ramify.fr/epargne/que-faire-quand-mon-ldds-est-plein,8,21,256
https://www.ramify.fr/epargne/contrat-capitalisation,7,76,670
https://www.ramify.fr/epargne/plafond-atteint-pel,7,19,507
https://www.ramify.fr/bourse/msci-world,7,44,890
https://www.ramify.fr/avis/fpci-altaroc-odyssey-2025,7,23,282
https://www.ramify.fr/gestion-de-patrimoine/placement-court-terme,6,78,641
https://www.ramify.fr/scpi/fiscalite,6,31,1224
https://www.ramify.fr/scpi/meilleures,6,19,585
https://www.ramify.fr/gestion-de-patrimoine/donation-100000-euros,6,20,207
https://www.ramify.fr/avis/scpi-edmond-de-rothschild-europa,6,16,296
https://www.ramify.fr/scpi/assurance-vie-ou-direct,6,44,544
https://www.ramify.fr/etf,6,64,1620
https://www.ramify.fr/epargne/diversifier,6,47,418
https://www.ramify.fr/avis/scpi-comete,5,14,295
https://www.ramify.fr/gestion-de-patrimoine/placement-tresorerie-entreprise,5,23,552
https://www.ramify.fr/assurance-vie/enfant-mineur,5,29,400
https://www.ramify.fr/gestion-de-patrimoine/sci,4,11,294
https://www.ramify.fr/epargne/fonds-euros,4,67,1102
https://www.ramify.fr/avis/scpi-immorente,4,12,124
https://www.ramify.fr/pea/plafond,4,7,143
https://www.ramify.fr/avis/fcpr-eurazeo-private-value-europe-3,4,37,659
https://www.ramify.fr/epargne/compte-titres,4,23,806
https://www.ramify.fr/pea/gestion-pilotee,4,39,712
https://www.ramify.fr/scpi/sortir-d-un-investissement-en-scpi,4,14,278
https://www.ramify.fr/crypto/fiscalite,4,30,330
https://www.ramify.fr/per/plafond,4,23,224
https://www.ramify.fr/defiscalisation/reduction-ifi,4,23,150
https://www.ramify.fr/avis/scpi-epsilon-360,4,12,674
https://www.ramify.fr/assurance-vie/etf,4,29,953
https://www.ramify.fr/avis/matis,4,15,480
https://www.ramify.fr/avis/scpi-transitions-europe,4,41,711
https://www.ramify.fr/avis/tikehau-european-private-credit,4,11,159
https://www.ramify.fr/avis/scpi-rivoli-avenir-patrimoine,4,38,392
https://www.ramify.fr/avis/scpi-sofidynamic,4,11,720
https://www.ramify.fr/epargne/livret-a-plafond,4,17,421
https://www.ramify.fr/private-equity/meilleurs-fonds-evergreen,4,21,531
https://www.ramify.fr/assurance-vie/frais,3,78,462
https://www.ramify.fr/per/gestion-pilotee,3,20,603
https://www.ramify.fr/private-equity/fcpr-bpifrance-entreprises-2,3,123,768
https://www.ramify.fr/bourse/sp-500,3,55,471
https://www.ramify.fr/gestion-de-patrimoine/club-deal-immobilier,3,16,579
https://www.ramify.fr/private-equity/meilleurs-fonds,3,53,528
https://www.ramify.fr/assurance-vie/transfert,3,36,1190
https://www.ramify.fr/epargne/ldds,3,21,183
https://www.ramify.fr/epargne/per-ou-pea,3,22,1684
https://www.ramify.fr/avis/scpi-epargne-pierre-europe,3,7,990
https://www.ramify.fr/pea/choisir,3,37,2666
https://www.ramify.fr/scpi/succession,3,30,652
https://www.ramify.fr/epargne/taux-livret-a,3,9,2046
https://www.ramify.fr/epargne/plafond-cel-atteint,3,6,1025
https://www.ramify.fr/gestion-de-patrimoine/meilleurs-placements-financiers,3,25,659
https://www.ramify.fr/epargne/epargne-moyenne-des-francais,3,40,484
https://www.ramify.fr/private-equity/apport-cession-150-0-b-ter,3,9,648
https://www.ramify.fr/epargne/assurance-vie-ou-per,3,5,715
https://www.ramify.fr/gestion-de-patrimoine/meilleures-plateformes,3,47,1379
https://www.ramify.fr/epargne/assurance-vie-ou-livret-a,3,17,784
https://www.ramify.fr/epargne/unite-de-compte,3,19,1390
https://www.ramify.fr/bourse/etf-ou-opcvm,2,4,480
https://www.ramify.fr/assurance-vie/unites-de-compte-ou-fonds-euros,2,15,427
https://www.ramify.fr/espace-presse/outil-fiscalite,2,5,120
https://www.ramify.fr/avis/scpi-primopierre,2,3,498
https://www.ramify.fr/gestion-de-patrimoine/meilleurs-fonds-monetaires,2,6,192
https://www.ramify.fr/epargne/pea-ou-compte-titres,2,25,494
https://www.ramify.fr/bourse/comment-investir,2,13,212
https://www.ramify.fr/avis/fpci-wenova-transition,2,6,212
https://www.ramify.fr/avis/scpi-coeur-de-regions,2,4,326
https://www.ramify.fr/gestion-de-patrimoine/family-office,2,7,731
https://www.ramify.fr/per/transfert,2,10,183
https://www.ramify.fr/avis/scpi-mistral-selection,2,3,544
https://www.ramify.fr/epargne/placements-sans-risque,2,3,870
https://www.ramify.fr/assurance-vie,2,5,436
https://www.ramify.fr/epargne/combien-avoir-de-cote-a-60-ans,2,2,267
https://www.ramify.fr/avis/fps-tikehau-private-assets,2,7,90
https://www.ramify.fr/assurance-vie/choisir,2,12,1329
https://www.ramify.fr/private-equity/fpci,2,3,130
https://www.ramify.fr/gestion-de-patrimoine/donation,2,9,101
https://www.ramify.fr/gestion-de-patrimoine/montage-holding,2,11,346
https://www.ramify.fr/epargne/retraite-independant-tns,2,7,128
https://www.ramify.fr/avis/fcpr-entrepreneurs-selection-secondaire-2,2,14,171
https://www.ramify.fr/pea/jeune,2,5,526
https://www.ramify.fr/pea/fiscalite,2,2,347
https://www.ramify.fr/assurance-vie/luxembourgeoise,2,4,412
https://www.ramify.fr/epargne/combien-avoir-de-cote-a-50-ans,2,4,286
https://www.ramify.fr/bourse/etf-pea-assurance-vie,2,8,976
https://www.ramify.fr/gestion-de-patrimoine/banque-privee,2,15,398
https://www.ramify.fr/epargne/compte-titres-ou-assurance-vie,2,12,386
https://www.ramify.fr/avis/fps-opale-strategies-credits-tactiques,2,98,438
https://www.ramify.fr/gestion-de-patrimoine/banque-privee-en-ligne,2,10,510
https://www.ramify.fr/scpi/scpi-fiscales,2,5,784
https://www.ramify.fr/scpi/frais,2,3,1042
https://www.ramify.fr/avis/scpi-coeur-europe,2,5,1148
https://www.ramify.fr/scpi/fiscalite-des-scpi-internationales,2,10,926
https://www.ramify.fr/fiscalite,2,4,136
https://www.ramify.fr/gestion-de-patrimoine/proprietaire-vs-locataire-3,2,4,316
https://www.ramify.fr/gestion-de-patrimoine/investir-art,2,6,1376
https://www.ramify.fr/crypto/etf-ethereum,2,4,50
https://www.ramify.fr/gestion-de-patrimoine/meilleur-fonds-alternatif,1,3,714
https://www.ramify.fr/epargne/gestion-horizon,1,4,32
https://www.ramify.fr/scpi/scpi-a-capital-variable-vs-capital-fixe,1,13,204
https://www.ramify.fr/epargne/interessement-participation,1,3,326
https://www.ramify.fr/avis/scpi-iroko-zen,1,13,268
https://www.ramify.fr/avis/scpi-altixia-commerces,1,10,1380
https://www.ramify.fr/avis/scpi-darwin-re01,1,6,2616
https://www.ramify.fr/epargne/taux-ldds,1,1,691
https://www.ramify.fr/defiscalisation/reduire-supprimer-impots-revenus-locatifs,1,3,233
https://www.ramify.fr/private-equity/fcpi-alto-innovation-2022,1,1,51
https://www.ramify.fr/pea/frais,1,6,2271
https://www.ramify.fr/avis/fcpi-eurazeo-patrimoine-2024,1,10,155
https://www.ramify.fr/epargne/combien-rapportent-1-million-euros-places,1,3,162
https://www.ramify.fr/avis/scpi-pierval-sante,1,12,538
https://www.ramify.fr/crypto/ethereum,1,2,12
https://www.ramify.fr/gestion-de-patrimoine/fonds-monetaire,1,4,251
https://www.ramify.fr/gestion-de-patrimoine/crowdfunding-ou-club-deal-immobilier,1,2,183
https://www.ramify.fr/per,1,2,1378
https://www.ramify.fr/private-equity/guide-private-debt,1,8,194
https://www.ramify.fr/avis/fcpi-dividendes-plus-n12,1,1,274
https://www.ramify.fr/avis/scpi-epargne-pierre,1,1,273
https://www.ramify.fr/epargne/comment-investir,1,6,57
https://www.ramify.fr/scpi,1,1,299
https://www.ramify.fr/epargne/combien-rapportent-500-000-euros-places,1,17,1523
https://www.ramify.fr/avis/fps-novaxia-one,1,8,1118
https://www.ramify.fr/avis/scpi-kyaneos-pierre,1,1,374
https://www.ramify.fr/avis/scpi-sofidy-europe-invest,1,2,1799
https://www.ramify.fr/epargne/investir-100000-euros,1,1,171
https://www.ramify.fr/gestion-de-patrimoine/investir-immobilier-locatif,1,4,1472
https://www.ramify.fr/pea/transfert,1,1,0
https://www.ramify.fr/scpi/demembrement-pleine-propriete,1,1,96
https://www.ramify.fr/epargne/alternatives-livret-a,1,1,85
https://www.ramify.fr/bourse/obligations-bilan-2024-perspectives-2025,1,11,206
https://www.ramify.fr/scpi/ou-crowdfunding-immobilier,1,11,1384
https://www.ramify.fr/private-equity,1,3,173
https://www.ramify.fr/scpi/scpi-de-capitalisation,1,4,163
https://www.ramify.fr/scpi/scpi-credit-vs-versements-programmes,1,3,333
https://www.ramify.fr/private-equity/marche,1,5,1545
https://www.ramify.fr/avis/fcpr-eurazeo-entrepreneurs-club-3,1,2,1456
https://www.ramify.fr/gestion-de-patrimoine/cash-out,1,4,5
https://www.ramify.fr/assurance-vie/luxembourgeoise-choisir,1,1,506
https://www.ramify.fr/scpi/nue-propriete,1,3,3131
https://www.ramify.fr/epargne/combien-avoir-de-cote-40-ans,1,1,273
https://www.ramify.fr/avis/scpi-remake-live,1,6,532
https://www.ramify.fr/gestion-de-patrimoine/crowdfunding-immobilier,1,1,17
https://www.ramify.fr/private-equity/fcpi,1,1,671
https://www.ramify.fr/crypto/bitcoin,1,2,125
https://www.ramify.fr/assurance-vie/luxembourg-fiscalite,1,4,108
https://www.ramify.fr/private-equity/meilleurs-fpci,0,1,0
