Page,Visitors,Visitors (compared),Views,Views (compared),Bounce rate,Bounce rate (compared),Time on page,Time on page (compared)
https://www.ramify.fr/assurance-vie/succession,6028,6438,6746,7074,0.90180878553,0.908158579519,115,117
https://www.ramify.fr/assurance-vie/fiscalite,4063,4464,4744,5163,0.843113482056,0.853427374917,136,119
https://www.ramify.fr/assurance-vie/retrait-assurance-vie-8-ans,3694,4381,4339,5231,0.848047084002,0.843071412581,80,84
https://www.ramify.fr/outils/calculatrice-interet-compose,3410,3870,4096,4704,0.842351002472,0.838993403372,87,89
https://www.ramify.fr/pea/etf,2648,5170,3390,6639,0.776513761468,0.779285979918,102,98
https://www.ramify.fr/gestion-de-patrimoine/flat-tax,2026,1459,2277,1636,0.896568160153,0.874251497006,84,91
https://www.ramify.fr/per/fiscalite,1699,1377,1833,1486,0.832560834299,0.838848920863,74,82
https://www.ramify.fr/pea/retrait,1595,1441,1774,1621,0.877702285361,0.865803814714,91,87
https://www.ramify.fr/bourse/meilleur-etf,1487,1146,2489,1850,0.669790915645,0.671957671958,79,75
https://www.ramify.fr/gestion-de-patrimoine/taux-marginal-imposition,1402,708,1783,899,0.831005586592,0.807956104252,98,90
https://www.ramify.fr/gestion-de-patrimoine/donation-100000-euros,1395,906,1517,1008,0.911221590909,0.897186147186,115,123
https://www.ramify.fr/per/deblocage-sortie,1337,2300,1479,2478,0.920379839299,0.921492921493,69,65
https://www.ramify.fr/epargne/compte-a-terme,1183,1373,1328,1590,0.87619047619,0.871156661786,99,101
https://www.ramify.fr/outils/simulateur-droit-succession,870,619,1111,801,0.813616071429,0.806349206349,77,62
https://www.ramify.fr/gestion-de-patrimoine/investir-or,803,2288,898,2470,0.899755501222,0.898587933248,103,111
https://www.ramify.fr/epargne/contrat-capitalisation,727,374,819,409,0.878179384203,0.877005347594,149,160
https://www.ramify.fr/bourse/etf-sp-500,716,734,838,845,0.782956058589,0.814136125654,94,86
https://www.ramify.fr/defiscalisation/loi-girardin,707,730,763,786,0.904761904762,0.914552736983,117,114
https://www.ramify.fr/epargne/livret-a-plafond,657,1124,744,1237,0.85145482389,0.880357142857,89,94
https://www.ramify.fr/assurance-vie/meilleure,615,650,689,757,0.843416370107,0.821963394343,76,104
https://www.ramify.fr/epargne/plafond-atteint-pel,571,746,666,833,0.863247863248,0.880952380952,98,98
https://www.ramify.fr/pea,542,901,615,1016,0.867289719626,0.88864142539,113,126
https://www.ramify.fr/epargne/fonds-euros,485,559,535,610,0.863539445629,0.88785046729,105,100
https://www.ramify.fr/gestion-de-patrimoine/meilleur-placement-senior,479,352,540,398,0.802494802495,0.786931818182,128,129
https://www.ramify.fr/epargne/interessement-participation,463,334,511,365,0.94512195122,0.913544668588,61,73
https://www.ramify.fr/pea/succession,444,389,503,450,0.820796460177,0.836411609499,156,149
https://www.ramify.fr/assurance-vie/ou-contrat-de-capitalisation,412,485,442,542,0.850374064838,0.863543788187,111,121
https://www.ramify.fr/epargne/pea-ou-assurance-vie,401,537,457,608,0.834158415842,0.847744360902,125,129
https://www.ramify.fr/assurance-vie,390,628,440,681,0.865013774105,0.884482758621,119,107
https://www.ramify.fr/epargne/que-faire-quand-mon-ldds-est-plein,387,369,432,428,0.863402061856,0.851648351648,68,65
https://www.ramify.fr/defiscalisation/reduction-ifi,386,234,435,255,0.874074074074,0.945147679325,113,109
https://www.ramify.fr/assurance-vie/frais,365,509,414,570,0.88064516129,0.85201793722,109,115
https://www.ramify.fr/private-equity/apport-cession-150-0-b-ter,362,238,406,280,0.878706199461,0.886274509804,90,99
https://www.ramify.fr/etf,361,226,402,257,0.88036809816,0.902173913043,90,122
https://www.ramify.fr/epargne/epargne-moyenne-des-francais,359,639,427,757,0.834239130435,0.842592592593,96,91
https://www.ramify.fr/bourse/msci-world,348,477,407,532,0.82131661442,0.854117647059,97,95
https://www.ramify.fr/scpi/sortir-d-un-investissement-en-scpi,335,405,366,445,0.869047619048,0.87922705314,69,63
https://www.ramify.fr/gestion-de-patrimoine/donation,332,265,352,284,0.87987012987,0.90157480315,99,100
https://www.ramify.fr/per/plafond,326,407,354,448,0.891304347826,0.880597014925,107,102
https://www.ramify.fr/defiscalisation/reduire-supprimer-impots-revenus-locatifs,308,304,351,357,0.885714285714,0.864077669903,52,56
https://www.ramify.fr/epargne/pea-ou-compte-titres,307,578,337,665,0.872204472843,0.876897133221,118,96
https://www.ramify.fr/bourse/etf-monde,301,331,369,385,0.758007117438,0.7875,108,121
https://www.ramify.fr/epargne/ldds,299,382,331,425,0.92,0.907455012853,73,86
https://www.ramify.fr/pea/meilleur,298,627,342,733,0.885416666667,0.844006568144,89,99
https://www.ramify.fr/gestion-de-patrimoine/meilleures-banques-privees,295,218,347,250,0.816129032258,0.839622641509,94,88
https://www.ramify.fr/epargne/combien-rapportent-1-million-euros-places,285,222,308,255,0.926573426573,0.879464285714,71,74
https://www.ramify.fr/epargne/plafond-cel-atteint,269,256,305,303,0.858208955224,0.83137254902,55,63
https://www.ramify.fr/assurance-vie/unites-de-compte-ou-fonds-euros,266,423,302,458,0.876404494382,0.842857142857,106,107
https://www.ramify.fr/gestion-de-patrimoine/meilleurs-placements-financiers,265,627,311,739,0.812734082397,0.841940532081,77,74
https://www.ramify.fr/gestion-de-patrimoine/meilleurs-cabinets,260,171,286,197,0.865079365079,0.847953216374,117,128
https://www.ramify.fr/epargne/unite-de-compte,259,166,278,192,0.859437751004,0.794871794872,81,94
https://www.ramify.fr/epargne/assurance-vie-ou-per,255,426,285,476,0.873517786561,0.894117647059,119,97
https://www.ramify.fr/gestion-de-patrimoine/bspce,249,167,287,198,0.923664122137,0.904494382022,77,54
https://www.ramify.fr/epargne/compte-titres,243,276,269,303,0.819327731092,0.851301115242,106,140
https://www.ramify.fr/pea/plafond,238,299,252,324,0.84375,0.838487972509,85,107
https://www.ramify.fr/produits-structures,237,246,266,271,0.848214285714,0.837004405286,86,82
https://www.ramify.fr/bourse/etf-ou-opcvm,230,339,264,376,0.827272727273,0.766871165644,78,87
https://www.ramify.fr/epargne/investir-100000-euros,229,187,257,200,0.905172413793,0.91847826087,56,76
https://www.ramify.fr/gestion-de-patrimoine/placement-court-terme,226,182,246,203,0.860986547085,0.89375,97,98
https://www.ramify.fr/gestion-de-patrimoine/sci,222,109,250,138,0.800904977376,0.820512820513,106,163
https://www.ramify.fr//offres,221,287,241,328,0.,0.,30,27
https://www.ramify.fr/assurance-vie/meilleures-luxembourgeoises,209,185,246,217,0.798165137615,0.791666666667,119,137
https://www.ramify.fr/per/meilleur,208,161,242,177,0.832512315271,0.85534591195,91,99
https://app.ramify.fr/creer-un-compte,205,244,251,287,0.,0.,51,34
https://www.ramify.fr/gestion-de-patrimoine/family-office,203,228,218,258,0.938388625592,0.880658436214,71,76
https://www.ramify.fr/,199,202,248,246,0.,0.0909090909091,40,32
https://www.ramify.fr/epargne/taux-livret-a,196,780,223,867,0.802139037433,0.895006402049,109,63
https://www.ramify.fr/epargne/assurance-vie-ou-livret-a,192,166,206,176,0.902702702703,0.944099378882,101,79
https://www.ramify.fr/per/transfert,189,159,236,193,0.808510638298,0.798742138365,48,69
https://www.ramify.fr/scpi/meilleures,189,83,253,104,0.78612716763,0.814285714286,97,58
https://www.ramify.fr/scpi/fiscalite,175,163,208,172,0.786516853933,0.8875,137,118
https://www.ramify.fr/assurance-vie/transfert,174,226,204,252,0.841463414634,0.862559241706,112,97
https://www.ramify.fr/bourse/sp-500,173,263,206,301,0.8,0.825327510917,67,71
https://www.ramify.fr/assurance-vie/enfant-mineur,170,210,189,235,0.840236686391,0.838709677419,89,74
https://www.ramify.fr/scpi/succession,162,148,188,184,0.820512820513,0.839160839161,154,139
https://www.ramify.fr/produits/assurance-vie,160,196,194,260,0.,0.,25,26
https://www.ramify.fr/crypto/fiscalite,157,102,184,110,0.861445783133,0.87619047619,107,145
https://www.ramify.fr/scpi/assurance-vie-ou-direct,153,121,172,121,0.785234899329,0.737288135593,106,117
https://www.ramify.fr/epargne/combien-rapportent-500-000-euros-places,146,122,161,138,0.894736842105,0.928571428571,52,87
https://www.ramify.fr/produits-structures/meilleurs,138,160,152,193,0.848920863309,0.814814814815,86,102
https://www.ramify.fr/gestion-de-patrimoine/montage-holding,138,157,156,173,0.880281690141,0.890243902439,106,121
https://www.ramify.fr/epargne/combien-avoir-de-cote-a-50-ans,134,129,151,136,0.829457364341,0.884297520661,85,98
https://www.ramify.fr/contact,122,132,142,147,0.,0.0769230769231,58,76
https://www.ramify.fr/gestion-de-patrimoine/investir-immobilier-locatif,115,116,119,122,0.913793103448,0.915254237288,40,26
https://www.ramify.fr/scpi/frais,115,20,126,20,0.914285714286,0.714285714286,114,277
https://www.ramify.fr/private-equity,113,67,128,80,0.863157894737,0.75,126,99
https://www.ramify.fr/gestion-de-patrimoine/transmission,112,93,122,107,0.85393258427,0.845070422535,121,167
https://www.ramify.fr/gestion-de-patrimoine/fonds-monetaire,112,123,120,137,0.809523809524,0.897637795276,96,95
https://www.ramify.fr/scpi/fiscalite-des-scpi-internationales,111,86,125,95,0.83185840708,0.769230769231,69,75
https://www.ramify.fr/gestion-de-patrimoine/meilleurs-fonds-monetaires,110,121,121,135,0.818181818182,0.879310344828,141,90
https://app.ramify.fr/simulation/introduction,110,121,143,163,0.,0.,12,19
https://www.ramify.fr/private-equity/meilleurs-fonds,110,111,140,144,0.71,0.729166666667,67,35
https://www.ramify.fr/pea/jeune,109,132,124,140,0.88,0.905172413793,94,93
https://www.ramify.fr/epargne/alternatives-livret-a,107,265,121,292,0.901098901099,0.846153846154,71,78
https://www.ramify.fr/epargne/per-ou-pea,100,180,111,198,0.861386138614,0.838888888889,68,97
https://www.ramify.fr/gestion-de-patrimoine/opcvm,99,8,105,8,0.854166666667,0.,107,44
https://www.ramify.fr/pea/frais,95,109,101,126,0.915789473684,0.788461538462,83,107
https://www.ramify.fr/performances,95,98,122,107,0.,0.,25,16
https://www.ramify.fr/bourse/comment-investir,95,123,102,146,0.80198019802,0.735537190083,121,118
https://www.ramify.fr/epargne/combien-avoir-de-cote-a-60-ans,94,141,105,154,0.883720930233,0.923664122137,95,107
https://www.ramify.fr/avis/scpi-rivoli-avenir-patrimoine,90,97,109,110,0.852631578947,0.85,88,94
https://www.ramify.fr/epargne/combien-avoir-de-cote-40-ans,86,136,97,146,0.913580246914,0.921875,81,56
https://www.ramify.fr/private-equity/eltif,86,91,101,92,0.848837209302,0.89247311828,80,74
https://www.ramify.fr/private-equity/fcpi,85,79,86,88,0.866666666667,0.881578947368,97,98
https://www.ramify.fr/produits/per,85,104,97,115,0.,0.,27,37
https://www.ramify.fr/produits/pea,85,157,106,182,0.,0.,48,40
https://www.ramify.fr/produits/scpi,84,71,90,83,0.,0.,62,52
https://www.ramify.fr/campagnes/assurance-vie,81,87,87,93,0.,0.,31,44
https://www.ramify.fr/scpi,81,64,93,77,0.890625,0.924528301887,117,119
https://www.ramify.fr/bourse/cac-40,80,103,97,112,0.802469135802,0.814432989691,63,93
https://www.ramify.fr/assurance-vie/etf,80,118,111,181,0.706896551724,0.630952380952,107,78
https://www.ramify.fr/scpi/scpi-a-capital-variable-vs-capital-fixe,80,68,85,71,0.913580246914,0.882352941176,67,92
https://www.ramify.fr/epargne/diversifier,77,94,87,105,0.813333333333,0.701149425287,96,80
https://www.ramify.fr/gestion-de-patrimoine/proprietaire-vs-locataire-3,74,117,88,126,0.841463414634,0.913043478261,72,39
https://www.ramify.fr/epargne/placements-sans-risque,74,81,77,85,0.890625,0.883116883117,110,108
https://www.ramify.fr/avis/scpi-transitions-europe,73,49,80,50,0.80303030303,0.854166666667,92,106
https://www.ramify.fr/epargne/retraite-independant-tns,72,100,97,109,0.88,0.903225806452,81,110
https://app.ramify.fr/simulation/amount,72,81,102,132,0.,0.,10,9
https://www.ramify.fr/bourse/etf-pea-assurance-vie,72,145,76,176,0.842857142857,0.79020979021,138,204
https://www.ramify.fr/pea/gestion-pilotee,71,84,80,89,0.826923076923,0.866666666667,105,130
https://www.ramify.fr/gestion-de-patrimoine/crowdfunding-immobilier,71,105,82,118,0.808219178082,0.871287128713,140,118
https://www.ramify.fr/avis/scpi-comete,71,52,80,55,0.825396825397,0.833333333333,102,137
https://www.ramify.fr/portefeuilles/essential,70,90,94,101,0.,0.,39,24
https://app.ramify.fr/simulation/horizon,69,75,101,133,0.,0.,19,8
https://www.ramify.fr/avis/fcpr-eurazeo-private-value-europe-3,68,86,86,98,0.698412698413,0.795180722892,108,58
https://www.ramify.fr/gestion-de-patrimoine/meilleures-plateformes,68,56,81,63,0.678571428571,0.871794871795,97,87
https://www.ramify.fr/produits/compte-a-terme,67,68,71,74,0.,0.,59,49
https://www.ramify.fr/scpi/nue-propriete,66,67,70,72,0.830769230769,0.914285714286,167,136
https://app.ramify.fr/simulation/liquidity,66,74,107,145,0.,0.,10,9
https://app.ramify.fr/connexion,66,68,74,66,0.5,0.,41,30
https://app.ramify.fr/simulation/risk,66,70,127,164,0.,0.,9,7
https://app.ramify.fr/simulation/result,66,70,104,121,0.,0.,65,63
https://www.ramify.fr/fiscalite,64,60,72,66,0.,0.,20,31
https://www.ramify.fr/private-equity/fcpr-bpifrance-entreprises-2,62,50,61,53,0.8125,0.86,52,26
https://www.ramify.fr/pea/transfert,56,87,63,99,0.928571428571,0.869047619048,45,53
https://www.ramify.fr/epargne/taux-ldds,55,209,66,234,0.875,0.866336633663,43,80
https://www.ramify.fr/scpi/ou-sci,55,38,59,38,0.945454545455,0.918918918919,124,109
https://www.ramify.fr/avis/scpi-immorente,55,29,65,28,0.78,0.928571428571,103,81
https://www.ramify.fr/avis/scpi-mistral-selection,54,34,71,34,0.696428571429,0.8125,133,111
https://www.ramify.fr/avis/scpi-edmond-de-rothschild-europa,54,32,54,35,0.716981132075,0.787878787879,75,86
https://www.ramify.fr/gestion-de-patrimoine/banque-privee-en-ligne,53,53,56,58,0.84,0.78431372549,54,87
https://www.ramify.fr/pea/fiscalite,53,74,58,86,0.866666666667,0.835820895522,111,99
https://www.ramify.fr/gestion-de-patrimoine/fiscalite-expatrie,52,70,55,73,0.923076923077,0.939393939394,113,92
https://www.ramify.fr/offres,52,63,71,78,0.,0.,29,20
https://www.ramify.fr/gestion-de-patrimoine/meilleur-fonds-alternatif,51,35,56,38,0.9,0.942857142857,78,30
https://www.ramify.fr/avis/scpi-epargne-pierre,50,35,52,43,0.851063829787,0.78125,57,55
https://www.ramify.fr/per/frais,50,68,54,76,0.90243902439,0.901639344262,62,108
https://www.ramify.fr/produits/private-equity,50,75,61,82,0.,0.,45,42
https://www.ramify.fr/private-equity/fcpr,49,52,55,58,0.906976744186,0.869565217391,67,85
https://www.ramify.fr/avis/scpi-pierval-sante,49,56,59,64,0.782608695652,0.854545454545,63,91
https://www.ramify.fr/private-equity/leveraged-buy-out,49,12,59,14,0.87037037037,0.928571428571,82,4
https://www.ramify.fr/private-equity/fcpr-private-value-3,48,59,57,63,0.705882352941,0.830508474576,64,32
https://www.ramify.fr/avis/scpi-sofidynamic,47,47,56,51,0.787234042553,0.840909090909,77,88
https://www.ramify.fr/portefeuilles/elite,47,31,58,48,0.,0.,28,30
https://www.ramify.fr/assurance-vie/luxembourgeoise,47,47,48,48,0.897435897436,0.911111111111,79,97
https://www.ramify.fr/private-equity/meilleurs-fcpr,46,25,46,26,0.90625,0.615384615385,122,85
https://www.ramify.fr/private-equity/meilleurs-fonds-evergreen,46,36,58,43,0.630434782609,0.757575757576,68,115
https://www.ramify.fr/gestion-de-patrimoine/investir-art,45,52,52,59,0.863636363636,0.910714285714,88,73
https://www.ramify.fr/avis/scpi-primopierre,44,83,52,90,0.844444444444,0.878048780488,82,91
https://www.ramify.fr/assurance-vie/luxembourg-fiscalite,44,58,44,60,0.809523809524,0.892857142857,47,55
https://www.ramify.fr/epargne/preparer-retraite-40-ans,44,82,49,88,0.869565217391,0.905882352941,126,145
https://www.ramify.fr/defiscalisation,42,50,50,57,0.851851851852,0.757575757576,68,87
https://app.ramify.fr/,42,56,65,87,0.,0.,26,48
https://www.ramify.fr/avis/tikehau-european-private-credit,42,15,49,17,0.675,0.769230769231,74,39
https://www.ramify.fr/per,41,57,54,63,0.730769230769,0.863636363636,126,98
https://www.ramify.fr/epargne/compte-titres-ou-assurance-vie,41,90,43,95,0.9,0.823529411765,121,92
https://www.ramify.fr/pea/choisir,40,34,43,37,0.828571428571,0.785714285714,91,136
https://www.ramify.fr/avis/fpci-altaroc-odyssey-2025,40,60,50,82,0.609756097561,0.639344262295,57,82
https://www.ramify.fr/scpi/ou-opci,39,54,43,61,0.857142857143,0.769230769231,118,99
https://www.ramify.fr/gestion-de-patrimoine/placer-argent-rapporte-mensuellement,37,20,41,23,0.888888888889,0.894736842105,112,117
https://www.ramify.fr/gestion-de-patrimoine/placement-tresorerie-entreprise,37,17,42,21,0.756756756757,0.777777777778,107,88
https://www.ramify.fr/blog/ma-retraite-complementaire-en-tant-que-salarie-dans-le-secteur-prive,36,29,43,38,0.837837837838,0.785714285714,25,25
https://www.ramify.fr/assurance-vie/gestion-libre-ou-pilotee,35,51,38,57,0.851851851852,0.911111111111,71,65
https://www.ramify.fr/avis/fps-tikehau-private-assets,35,30,37,34,0.727272727273,0.666666666667,18,67
https://www.ramify.fr/avis/scpi-remake-live,34,26,45,34,0.655172413793,0.72,26,76
https://www.ramify.fr/epargne/combien-rapportent-50000-euros-places,34,44,35,48,0.958333333333,0.851851851852,85,126
https://www.ramify.fr/private-equity/fonds-evergreen,34,20,35,22,0.892857142857,0.947368421053,133,127
https://www.ramify.fr/assurance-vie/choisir,33,31,36,32,0.821428571429,0.818181818182,134,96
https://www.ramify.fr/crypto/ethereum,33,11,38,14,0.918918918919,0.727272727273,57,138
https://www.ramify.fr/per/gestion-pilotee,31,20,32,20,0.652173913043,0.833333333333,109,130
https://www.ramify.fr/crypto/bitcoin,31,4,31,6,0.833333333333,0.8,97,45
https://www.ramify.fr/avis/scpi-epargne-pierre-europe,31,26,36,28,0.714285714286,0.708333333333,122,165
https://www.ramify.fr/epargne/livret-bancaire,30,22,36,23,0.875,0.8125,73,97
https://www.ramify.fr/private-equity/guide-private-debt,30,26,33,26,0.896551724138,0.807692307692,55,104
https://www.ramify.fr/avis/scpi-cristal-life,29,21,32,27,0.923076923077,0.823529411765,101,89
https://www.ramify.fr/epargne/comment-investir,27,11,27,13,0.892857142857,0.7,96,110
https://www.ramify.fr/academy,27,33,33,39,0.666666666667,0.454545454545,44,17
https://www.ramify.fr/private-equity/fpci,27,18,26,22,0.739130434783,0.8125,42,24
https://www.ramify.fr/gestion-de-patrimoine/banque-privee,27,29,34,33,0.791666666667,0.758620689655,87,81
https://www.ramify.fr/crypto/etf-ethereum,26,16,31,22,0.740740740741,0.857142857143,92,80
https://www.ramify.fr/offres/ramify-black,26,34,32,36,0.,0.,33,39
https://www.ramify.fr/a-propos/team,26,23,29,26,0.,0.,11,54
https://www.ramify.fr/a-propos/fondateurs,26,24,31,27,0.,1.,24,21
https://www.ramify.fr/private-equity/meilleurs-fpci,25,15,28,17,0.818181818182,0.846153846154,147,99
https://www.ramify.fr/crypto/solana,25,21,27,22,0.92,0.666666666667,128,94
https://www.ramify.fr/gestion-de-patrimoine/placer-heritage,25,12,29,13,0.833333333333,0.8,135,115
https://www.ramify.fr/avis/scpi-epsilon-360,23,12,27,15,0.736842105263,0.636363636364,52,192
https://www.ramify.fr/produits/assurance-vie-luxembourgeoise,23,27,26,29,0.,0.,39,85
https://app.ramify.fr/deconnexion,23,31,40,50,0.,0.,350,298
https://www.ramify.fr/bourse/quand-investir,23,44,24,46,0.888888888889,0.775,131,121
https://app.ramify.fr/google-auth-success,23,40,23,42,0.,0.,62,49
https://www.ramify.fr/avis/matis,23,19,23,24,0.666666666667,0.789473684211,143,102
https://www.ramify.fr/produits/livret-epargne,23,28,25,30,0.,0.,45,33
https://www.ramify.fr/assurance-vie/rendement,21,111,24,120,0.789473684211,0.884615384615,129,72
https://www.ramify.fr/espace-presse/outil-fiscalite,19,11,21,11,0.75,0.888888888889,10,11
https://www.ramify.fr/produits/club-deal,19,15,22,16,0.,0.,36,50
https://www.ramify.fr/assurance-vie/perte-argent,19,36,21,40,0.75,0.772727272727,125,109
https://www.ramify.fr/assurance-vie/luxembourgeoise-choisir,19,9,20,10,0.875,0.5,103,17
https://www.ramify.fr/gestion-de-patrimoine/plateforme,19,5,20,5,1.,0.,22,112
https://www.ramify.fr/private-equity/marche,19,7,19,7,0.894736842105,0.857142857143,136,54
https://www.ramify.fr/campagnes/private-equity,19,17,24,19,0.,0.,77,46
https://www.ramify.fr/gestion-de-patrimoine/fonds-investissement-alternatif,19,17,23,20,0.842105263158,0.888888888889,40,88
https://www.ramify.fr/defiscalisation/niche-fiscale,18,34,19,35,0.882352941176,1.,67,95
https://www.ramify.fr/epargne/combien-avoir-de-cote-a-30-ans,18,15,19,16,0.866666666667,0.933333333333,140,88
https://www.ramify.fr/produits/produits-structures,18,31,18,35,0.,0.,31,25
https://www.ramify.fr/avis/scpi-sofidy-europe-invest,18,27,21,30,0.6875,0.88,93,29
https://www.ramify.fr/avis/fpci-wenova-transition,18,20,22,26,0.666666666667,0.666666666667,96,35
https://www.ramify.fr/gestion-de-patrimoine/club-deal-immobilier,17,18,22,26,0.764705882353,0.842105263158,77,188
https://www.ramify.fr/epargne/placement-rentable,17,31,18,35,1.,1.,132,82
https://www.ramify.fr/portefeuilles/flagship,16,13,21,18,0.,0.,35,14
https://app.ramify.fr/invest,16,17,23,24,0.,0.,146,57
https://www.ramify.fr/gestion-de-patrimoine/cash-out,16,12,18,13,0.894736842105,0.833333333333,30,311
https://www.ramify.fr/private-equity/venture-capital,15,23,18,26,1.,0.909090909091,61,180
https://www.ramify.fr/a-propos/tarifs,15,22,17,26,0.,0.,31,15
https://www.ramify.fr/avis/scpi-novaxia-neo,15,7,15,8,1.,0.571428571429,115,72
https://www.ramify.fr/avis/scpi-elevation-tertiom,14,18,16,19,0.916666666667,0.941176470588,68,60
https://www.ramify.fr/produits/crypto,14,16,16,20,0.,0.,41,27
https://www.ramify.fr/private-equity/fiscalite,14,9,17,9,0.888888888889,1.,61,151
https://www.ramify.fr/produits/assurance-vie-mineur,14,20,15,21,0.,0.,21,15
https://www.ramify.fr/scpi/scpi-fiscales,14,12,15,13,0.642857142857,1.,70,31
https://www.ramify.fr/bourse/obligations-bilan-2024-perspectives-2025,14,28,14,30,0.8,0.958333333333,41,51
https://www.ramify.fr/scpi/comment-choisir,13,4,13,4,1.,0.,45,61
https://www.ramify.fr/gestion-de-patrimoine/combiner-achat-residence-principale-et-investissement-locatif,13,24,14,27,0.916666666667,0.958333333333,90,40
https://www.ramify.fr/epargne/alternatives-ldds,12,16,11,19,0.,0.5,238,75
https://www.ramify.fr/avis/fcpr-eurazeo-entrepreneurs-club-3,12,6,15,8,0.777777777778,0.833333333333,60,97
https://www.ramify.fr/avis/fps-novaxia-one,12,11,13,11,0.75,0.909090909091,116,66
https://www.ramify.fr/avis/scpi-iroko-zen,12,6,13,6,0.666666666667,0.8,41,141
https://app.ramify.fr/patrimoine,12,17,12,23,0.,0.,114,93
https://www.ramify.fr/avis/scpi-paref-hexa,12,2,14,2,0.636363636364,1.,102,24
https://www.ramify.fr/avis/scpi-coeur-europe,12,20,14,22,0.6,0.736842105263,192,145
https://www.ramify.fr/scpi/demembrement-pleine-propriete,11,9,11,11,0.888888888889,0.75,90,165
https://www.ramify.fr/avis/scpi-kyaneos-pierre,11,5,14,8,0.727272727273,0.8,31,27
https://www.ramify.fr/private-equity/assurance-vie-ou-direct,11,4,11,5,0.875,0.5,145,14
https://app.ramify.fr/immobilier,11,11,18,24,0.,0.,18,15
https://www.ramify.fr/merci,11,11,12,13,0.,0.,10,49
https://www.ramify.fr/avis/scpi-altixia-commerces,11,3,13,3,0.777777777778,0.666666666667,116,54
https://www.ramify.fr/avis/scpi-darwin-re01,11,7,18,8,0.454545454545,0.75,77,65
https://app.ramify.fr/souscriptions,11,14,12,17,0.,0.,89,230
https://www.ramify.fr/avis/scpi-pfo,11,10,12,10,0.9,1.,35,25
https://www.ramify.fr/avis/fcpr-multi-strategies-2,11,8,11,7,0.818181818182,0.875,40,24
https://www.ramify.fr/avis/scpi-log-in,11,11,13,11,0.777777777778,0.916666666667,112,108
https://app.ramify.fr/private-equity,11,10,21,14,0.,0.,77,12
https://www.ramify.fr/avis/scpi-coeur-de-regions,11,8,14,9,0.6,1.,69,38
https://app.ramify.fr/invest/dashboard,10,9,17,18,0.,0.,32,22
https://app.ramify.fr/invest/ouverture-pea,10,17,11,17,0.,0.,14,15
https://www.ramify.fr/gestion-de-patrimoine/opci,10,8,11,10,1.,0.666666666667,64,258
https://www.ramify.fr/gestion-de-patrimoine/crowdfunding-ou-club-deal-immobilier,10,7,10,8,0.7,0.714285714286,166,43
https://www.ramify.fr/academy/articles,10,10,13,10,0.,0.,72,166
https://www.ramify.fr/scpi/scpi-a-credit,10,8,10,8,1.,0.875,87,153
https://app.ramify.fr/cash,9,4,9,6,0.,0.,47,91
https://www.ramify.fr/pea/perte,9,8,10,10,1.,0.5,31,150
https://www.ramify.fr/avis/scpi-vendome-regions,9,4,11,4,0.777777777778,1.,21,44
https://www.ramify.fr/epargne/enveloppe-fiscale,9,17,15,18,0.,0.,141,113
https://app.ramify.fr/immobilier/catalogue,9,10,19,68,0.,0.,60,35
https://www.ramify.fr/produits/credit-lombard,9,13,9,13,0.,0.,46,18
https://www.ramify.fr/finance-quantitative/calcul-performances-methodologie-ramify,9,5,9,5,1.,1.,75,38
https://www.ramify.fr/scpi/ou-crowdfunding-immobilier,9,14,9,16,0.888888888889,0.933333333333,43,132
https://www.ramify.fr/private-equity/fip,9,5,9,5,0.75,1.,28,61
https://www.ramify.fr/produits/art,8,12,9,13,0.,0.,18,18
https://www.ramify.fr/produits/personne-morale,8,3,8,3,0.,0.,13,25
https://www.ramify.fr/avis/scpi-ncap-continent,8,8,9,10,0.857142857143,0.5,99,74
https://www.ramify.fr/epargne/gestion-horizon,8,6,8,6,0.75,0.833333333333,146,178
https://www.ramify.fr/gestion-de-patrimoine/proprietaire-vs-locataire-episode-4-le-guide-pour-savoir-ce-qui-vous-correspond,8,2,8,2,0.,0.,140,26
https://www.ramify.fr/scpi/pleine-propriete,7,5,7,5,0.857142857143,1.,107,165
https://www.ramify.fr/gestion-de-patrimoine/robo-advisor,7,11,7,12,1.,1.,103,71
https://app.ramify.fr/private-equity/catalogue,7,11,28,37,0.,0.,26,72
https://www.ramify.fr/livre-blanc,7,10,11,15,0.,0.,43,115
https://app.ramify.fr/valider-email,7,11,5,7,0.,0.,27,40
https://www.ramify.fr/avis/fcpr-peqan-convictions-2023,7,3,8,3,0.714285714286,1.,33,9
https://www.ramify.fr/private-equity/secondaire,7,5,7,5,1.,0.8,94,8
https://www.ramify.fr/scpi/scpi-de-capitalisation,7,3,8,4,0.75,1.,53,44
https://www.ramify.fr/scpi/scpi-credit-vs-versements-programmes,7,5,8,5,0.8,0.8,44,45
https://www.ramify.fr/avis/fps-opale-strategies-credits-tactiques,7,6,7,9,0.714285714286,0.5,12,23
https://www.ramify.fr/per/choisir,6,9,6,9,1.,0.,62,310
https://www.ramify.fr/avis/fip-kalliste-capital-17,6,3,7,3,0.833333333333,1.,29,240
https://www.ramify.fr/newsletter,6,9,7,14,0.666666666667,0.6,63,16
https://app.ramify.fr/lounge,6,8,7,10,0.,0.,37,10
https://app.ramify.fr/fiscalite,6,6,6,8,0.,0.,10,58
https://app.ramify.fr/invest/ouverture-assurance-vie/projet,6,13,3,4,0.,0.,54,36
https://www.ramify.fr/avis/fcpr-entrepreneurs-selection-secondaire-2,6,4,11,5,0.2,0.75,15,61
https://app.ramify.fr/apple-auth,6,9,6,9,0.,0.,373,156
https://www.ramify.fr/finance-quantitative,6,9,6,9,0.666666666667,1.,44,82
https://app.ramify.fr/lounge/gestion-prive,6,6,11,7,0.,0.,39,108
https://www.ramify.fr/scpi/scpi-de-rendement,6,7,6,7,1.,0.714285714286,44,68
https://www.ramify.fr/private-equity/fonds-de-fonds,6,9,6,11,1.,0.625,7,402
https://www.ramify.fr/avis/fcpi-eurazeo-ambition-europe-2025,6,6,6,6,0.666666666667,1.,40,295
https://www.ramify.fr/crypto/defi,6,18,7,38,1.,0.838709677419,114,699
https://www.ramify.fr/avis/scpi-upeka,6,7,7,7,0.833333333333,0.8,42,88
https://app.ramify.fr/mot-de-passe-oublie,5,1,8,1,0.,0.,11,6
https://www.ramify.fr/private-equity/meilleurs-fcpi,5,0,11,0,0.,0.,46,0
https://app.ramify.fr/invest/ouverture-per-individuel/projet,5,3,2,1,0.,0.,118,6
https://www.ramify.fr/gestion-de-patrimoine/proprietaire-vs-locataire-2,5,0,5,0,0.8,0.,15,0
https://www.ramify.fr/gestion-de-patrimoine/credit-lombard,5,3,4,3,0.,0.,138,104
https://www.ramify.fr/bourse,5,9,6,12,0.,0.,82,24
https://www.ramify.fr/avis/fpci-private-stars-selection-4,5,1,7,1,0.6,0.,23,7
https://www.ramify.fr/avis/fcpi-eurazeo-patrimoine-2024,5,7,5,6,0.8,0.857142857143,6,67
https://www.ramify.fr/per/perte-capital,5,6,6,6,0.6,1.,96,133
https://www.ramify.fr/legal/contact,5,6,6,6,0.,0.,29,30
https://www.ramify.fr/avis/scpi-esg-pierre-capitale,5,7,6,8,0.75,0.857142857143,288,24
https://www.ramify.fr/legal/mentions,5,1,7,1,0.,0.,55,24
https://www.ramify.fr/scpi/rscpi-performances,5,6,8,6,0.,0.,73,40
https://www.ramify.fr/avis/scpi-lf-opportunite-immo,5,6,5,7,1.,0.666666666667,58,110
https://www.ramify.fr/avis/fips-x-fund,5,0,11,0,0.2,0.,61,0
https://www.ramify.fr/gestion-de-patrimoine/investissement-vert,5,7,5,10,1.,0.666666666667,20,138
https://app.ramify.fr/crypto,5,0,5,0,0.,0.,170,0
https://www.ramify.fr/gestion-de-patrimoine/global-investment-perspectives-2026,5,0,5,0,1.,0.,18,0
https://www.ramify.fr/espace-presse,5,3,5,4,0.,0.,7,20
https://www.ramify.fr/gestion-de-patrimoine/meilleurs-robo-advisors,4,7,4,9,0.,0.,89,68
https://app.ramify.fr/fiscalite/onboarding/plafonds,4,1,4,2,0.,0.,19,8
https://www.ramify.fr/avis/fpci-quaero-infrastructure-private-investors,4,6,6,6,0.5,0.833333333333,12,30
https://www.ramify.fr/private-equity/eurazeo-entrepreneurs-club-ii,4,2,4,2,1.,0.5,31,21
https://www.ramify.fr/private-equity/fcpi-alto-innovation-2022,4,3,4,3,0.75,1.,14,6
https://app.ramify.fr/private-equity/recRiSCePelNe2yMd,4,1,6,1,0.,0.,132,15
https://www.ramify.fr/gestion-de-patrimoine/scpi-ou-investissement-locatif,4,2,4,2,0.,0.,115,117
https://www.ramify.fr/epargne/preparer-retraite,4,6,4,7,0.75,1.,43,38
https://app.ramify.fr/fiscalite/onboarding/introduction,4,2,3,2,0.,0.,33,13
https://www.ramify.fr/avis/fps-keys-selection,4,12,6,23,0.5,0.363636363636,132,105
https://app.ramify.fr/structure,4,4,5,5,0.,0.,34,66
https://www.ramify.fr/avis/fcpr-123-corporate-2024,3,1,3,1,1.,1.,37,11
https://app.ramify.fr/fiscalite/onboarding/recommandation,3,0,4,0,0.,0.,54,0
https://www.ramify.fr/avis/scpi-corum-eurion,3,3,3,5,1.,0.75,29,295
https://app.ramify.fr/art,3,3,3,3,0.,0.,32,38
https://www.ramify.fr/avis/fcpi-dividendes-plus-n12,3,1,3,1,0.666666666667,1.,20,16
https://www.ramify.fr/crypto/etf-bitcoin,3,3,7,4,0.,0.,102,204
https://app.ramify.fr/private-equity/simulation/new,3,2,5,4,0.,0.,46,23
https://app.ramify.fr/fiscalite/onboarding/choix-investissement,3,0,3,0,0.,0.,25,0
https://app.ramify.fr/fiscalite/onboarding/autres_investissement,3,1,3,1,0.,0.,16,14
https://www.ramify.fr/private-equity/multifonds-archinvest-lbo1,3,2,2,3,1.,0.,66,48
https://www.ramify.fr/gestion-de-patrimoine/donation-cession,3,0,3,0,1.,0.,320,0
https://app.ramify.fr/fiscalite/onboarding/parts_fiscales,3,1,3,1,0.,0.,25,15
https://app.ramify.fr/private-equity/catalogue/recx2oRnK9XpwPjhD,3,1,3,1,0.,0.,66,26
https://app.ramify.fr/invest/ouverture-pea/projet,3,4,2,1,0.,0.,38,35
https://app.ramify.fr/souscriptions/propositions,3,3,4,4,0.,0.,108,19
https://app.ramify.fr/fiscalite/onboarding/recapitulatif,3,1,6,2,0.,0.,13,8
https://app.ramify.fr/invest/ouverture-per-individuel,3,0,3,0,0.,0.,31,0
https://app.ramify.fr/immobilier/simulation/new,3,2,10,2,0.,0.,40,90
https://app.ramify.fr/fiscalite/onboarding/revenus,3,1,3,2,0.,0.,36,4
https://app.ramify.fr/invest/ouverture-assurance-vie-fonds-euros,3,0,3,0,0.,0.,67,0
https://app.ramify.fr/private-equity/catalogue/recI6zz26QxO95lBK,2,2,2,2,0.,0.,20,41
https://app.ramify.fr/compte/comptes-bancaires,2,1,3,1,0.,0.,4,1
https://app.ramify.fr/invest-simulation/onboarding/projet,2,3,4,2,0.,0.,30,39
https://www.ramify.fr/avis/fpci-altaroc-odyssey-2024,2,12,2,15,1.,0.75,32,11
https://app.ramify.fr/compte/preferences-communication,2,0,2,0,0.,0.,12,0
https://www.ramify.fr/avis/scpi-corum-origin,2,1,2,1,0.,0.,4,88
https://www.ramify.fr/per/private-equity,2,3,2,4,1.,0.,2,343
https://www.ramify.fr/livre-vert,2,1,2,1,0.,0.,20,96
https://app.ramify.fr/compte,2,3,5,3,0.,0.,15,7
https://www.ramify.fr/scpi/tout-sur-la-fiscalite-des-scpi,2,4,2,9,0.,0.,4,9
https://www.ramify.fr/avis/fps-global-private-debt-strategies,2,0,1,0,0.5,0.,0,0
https://app.ramify.fr/compte/informations-personnelles,2,1,2,1,0.,0.,12,3
https://app.ramify.fr/private-equity/catalogue/recSO3OZYGNIPNtFX,2,1,3,1,0.,0.,159,9
https://www.ramify.fr/comparatif/vs-banque-privee,2,4,2,4,0.,1.,497,4
https://www.ramify.fr/private-equity/infrastructure,2,2,2,2,1.,1.,62,22
https://app.ramify.fr/immobilier/catalogue/recd22bMi15wSg9kg,2,3,2,5,0.,0.,44,77
https://www.ramify.fr/ironman,2,1,2,1,0.,0.,14,10
https://www.ramify.fr/defiscalisation/baisser-revenu-fiscal-reference,2,0,2,0,0.,0.,83,0
https://app.ramify.fr/pea-transfer/onboarding/new/projet,2,0,0,0,0.,0.,35,0
https://app.ramify.fr/immobilier/simulation,2,4,5,10,0.,0.,8,70
https://www.ramify.fr/defiscalisation/plf-loi-finances,2,2,3,2,0.5,1.,96,2
https://app.ramify.fr/crowdfunding,2,5,2,5,0.,0.,40,49
https://app.ramify.fr/private-equity/catalogue/recw2eLhMGcn8c8KC,2,0,3,0,0.,0.,44,0
https://www.ramify.fr/avis/scpi-urban-coeur-commerce,2,3,2,4,1.,0.666666666667,258,92
https://app.ramify.fr/compte/personnes-morales,2,1,2,1,0.,0.,2,11
https://app.ramify.fr/private-equity/simulation,2,3,5,4,0.,0.,4,3
https://app.ramify.fr/simulation-transfert-per/introduction,2,6,2,9,0.,0.,5,25
https://www.ramify.fr/scpi/ramify-scpi-index-rscpi-analyse-du-t3-2025,2,8,3,9,0.,0.,11,16
https://www.ramify.fr/private-equity/contruire-portefeuille-optimal-fcpi,2,0,2,0,1.,0.,2,0
https://app.ramify.fr/private-equity/catalogue/recCz66aZ1QYUPP4T,2,0,3,0,0.,0.,22,0
https://app.ramify.fr/private-equity/recSO3OZYGNIPNtFX,2,0,4,0,0.,0.,176,0
https://www.ramify.fr/private-equity/re-up,2,2,3,2,0.5,0.,35,15
https://www.ramify.fr/avis/fpci-european-infragreen-strategy,2,3,2,3,1.,0.666666666667,34,25
https://app.ramify.fr/invest/onboarding/baa7e9b3-8707-4bc8-9c60-ebe6f0e8c59d/fiscalite/situation,1,0,2,0,0.,0.,10,0
https://app.ramify.fr/invest-simulation/onboarding/fiscalite,1,0,1,0,0.,0.,4,0
https://app.ramify.fr/invest/onboarding/93dccf51-35ab-403f-8a61-e55f4e583b24/recapitulatif,1,0,1,0,0.,0.,32,0
https://www.ramify.fr/avis/slp-eurazeo-secondary-feeder-fund-v,1,3,1,3,1.,0.5,0,62
https://www.ramify.fr/outils/caaccord%20i%20d%20cdtilatrice-interet-compose,1,0,1,0,1.,0.,0,0
https://www.ramify.fr/portefeuilles/abonnement%20mylight,1,0,1,0,0.,0.,0,0
https://www.ramify.fr/bourse/actions-bilan-2024-perspectives-2025,1,1,1,1,1.,1.,2,0
https://app.ramify.fr/invest/onboarding/b3092c55-6d1f-446c-b6cc-c24aa1e24108/signature/beneficiaires,1,0,1,0,0.,0.,10,0
https://app.ramify.fr/private-equity/catalogue/reck534joTw4Xc1Tw,1,1,1,1,0.,0.,13,409
https://www.ramify.fr/private-equity/selection-fonds-private-equity,1,0,2,0,0.,0.,4,0
https://app.ramify.fr/private-equity/catalogue/recFl9ZaCvoh6bXNt,1,0,1,0,0.,0.,8,0
https://app.ramify.fr/private-equity/simulation/b90124df-40c3-4ced-91cc-0039308a725f,1,0,2,0,0.,0.,54,0
https://app.ramify.fr/immobilier/catalogue/reck72tXnzaQk2iiH,1,1,1,1,0.,0.,50,40
https://app.ramify.fr/invest/onboarding/0f8335ec-3667-4b2c-a8e3-4ddafdbab3e7/portefeuille/type,1,0,1,0,0.,0.,18,0
https://app.ramify.fr/invest/onboarding/66864bc1-b3e7-4799-b410-ac7ded5a03d4/portefeuille/recapitulatif,1,0,1,0,0.,0.,34,0
https://app.ramify.fr/invest/onboarding/b3092c55-6d1f-446c-b6cc-c24aa1e24108/signature/confirmation,1,0,1,0,0.,0.,0,0
https://app.ramify.fr/immobilier/simulation/a07db3c0-796e-4ee9-a613-74ff1edfeb62,1,0,1,0,0.,0.,37,0
https://app.ramify.fr/invest/onboarding/66864bc1-b3e7-4799-b410-ac7ded5a03d4/portefeuille/type,1,0,1,0,0.,0.,34,0
https://app.ramify.fr/invest/onboarding/0ca9d2fb-165f-42c4-86db-0a9e694843c9/connaissance-client/etatCivil,1,0,1,0,0.,0.,6,0
https://app.ramify.fr/invest/onboarding/f6cb114d-1efc-4c9c-9e6e-7a8252550105/connaissance-client/etatCivil,1,0,1,0,0.,0.,22,0
https://www.ramify.fr/private-equity/rpei-performances,1,1,1,1,0.,0.,12,21
https://app.ramify.fr/valider-email/eyJhbGciOiJIUzI1NiIsInR5cCI6IkpXVCJ9.eyJlbWFpbCI6InkuZmFyaW5hQG9yYW5nZS5mciIsInN1YiI6ImMwMjQ2OGQwLTk1MGItNDdjZS1hMmE2LWJiNzU3YzFkYzI5OSIsIm1mYVZhbGlkIjpmYWxzZSwic291cmNlIjoiVkFMSURBVEVfRU1BSUwiLCJpYXQiOjE3NzA5MTYxMTAsImV4cCI6MTc3MTAwMjUxMH0.7Cuj2xF_m0ZCSwc9HG1kYSwaA5dt0DQikBpIpfGCfkw,1,0,1,0,0.,0.,25,0
https://app.ramify.fr/invest/onboarding/c192b60b-eb57-473b-880c-dd21792adfd6/portefeuille/risque,1,0,5,0,0.,0.,7,0
https://app.ramify.fr/invest/onboarding/c192b60b-eb57-473b-880c-dd21792adfd6/signature/bancaire,1,0,1,0,0.,0.,64,0
https://app.ramify.fr/invest/onboarding/93dccf51-35ab-403f-8a61-e55f4e583b24/portefeuille/securisation,1,0,1,0,0.,0.,7,0
https://app.ramify.fr/invest/onboarding/7330986a-7c59-4032-a95a-e69d0ccb1627/portefeuille/style,1,0,1,0,0.,0.,10,0
https://app.ramify.fr/private-equity/simulation/7b363cdb-d31a-462d-a486-cc144d8dd281,1,0,1,0,0.,0.,45,0
https://app.ramify.fr/invest/onboarding/c192b60b-eb57-473b-880c-dd21792adfd6/portefeuille/recapitulatif,1,0,7,0,0.,0.,74,0
https://app.ramify.fr/invest/onboarding/c192b60b-eb57-473b-880c-dd21792adfd6/connaissance-client,1,0,1,0,0.,0.,4,0
https://app.ramify.fr/valider-email/eyJhbGciOiJIUzI1NiIsInR5cCI6IkpXVCJ9.eyJlbWFpbCI6ImJvbm5ldGF0Y2hhcmxlc0BvcmFuZ2UuZnIiLCJzdWIiOiJlZjRhYjM5Mi02ZjFhLTRlNTctYmRlOC02MDA4OGY5MThmMzIiLCJtZmFWYWxpZCI6ZmFsc2UsInNvdXJjZSI6IlZBTElEQVRFX0VNQUlMIiwiaWF0IjoxNzcxMTU3MzE1LCJleHAiOjE3NzEyNDM3MTV9.D9Z1GTECVN3UPPYlYsTqKzkPcwSK-sgLaOEbgc28-m8,1,0,2,0,0.,0.,796,0
https://www.ramify.fr/bourse/bilan-2023-perspectives-2024-actions,1,0,1,0,0.,0.,161,0
https://app.ramify.fr/invest/onboarding/dc85a72d-5074-424c-9fae-6871c0b55b0b/portefeuille/type,1,0,1,0,0.,0.,27,0
https://app.ramify.fr/invest/onboarding/c192b60b-eb57-473b-880c-dd21792adfd6/connaissance-client/recapitulatif,1,0,1,0,0.,0.,5,0
https://app.ramify.fr/immobilier/catalogue/rec3Jjo470eS5uPVx,1,0,1,0,0.,0.,67,0
https://app.ramify.fr/invest/onboarding/dc85a72d-5074-424c-9fae-6871c0b55b0b/connaissance-client/justificatif/identite,1,0,1,0,0.,0.,29,0
https://app.ramify.fr/invest-simulation/onboarding/portefeuille/style,1,2,1,3,0.,0.,3,8
https://app.ramify.fr/invest/onboarding/66864bc1-b3e7-4799-b410-ac7ded5a03d4/connaissance-client/foyerFiscal,1,0,1,0,0.,0.,45,0
https://app.ramify.fr/immobilier/catalogue/recXVAaUzGQ7dCVrg,1,1,1,1,0.,0.,26,3
https://app.ramify.fr/valider-email/eyJhbGciOiJIUzI1NiIsInR5cCI6IkpXVCJ9.eyJlbWFpbCI6Im1pbmhhbmgubmxhYkBnbWFpbC5jb20iLCJzdWIiOiIyMjBhNTRiMS0zN2M1LTQ1NWQtOWMwOS1lM2I0ODNjNzk4NjEiLCJtZmFWYWxpZCI6ZmFsc2UsInNvdXJjZSI6IlZBTElEQVRFX0VNQUlMIiwiaWF0IjoxNzcxNTc2NjI4LCJleHAiOjE3NzE2NjMwMjh9.uuoNRPJfscTiVdiBRUs0KpnZIwuhWMgLJI1olpPFpOI,1,0,1,0,0.,0.,4,0
https://app.ramify.fr/invest/onboarding/dc85a72d-5074-424c-9fae-6871c0b55b0b/connaissance-client/coordonnees,1,0,1,0,0.,0.,14,0
https://app.ramify.fr/invest/onboarding/2ca5e59b-230f-4b10-9c58-e0be3e7f345d/connaissance-client/foyerFiscal,1,0,1,0,0.,0.,79,0
https://app.ramify.fr/invest/onboarding/c192b60b-eb57-473b-880c-dd21792adfd6/portefeuille/style,1,0,8,0,0.,0.,11,0
https://app.ramify.fr/crypto/onboarding/connaissance-client,1,1,1,1,0.,0.,680,6
https://app.ramify.fr/invest/onboarding/7330986a-7c59-4032-a95a-e69d0ccb1627/portefeuille/recapitulatif,1,0,2,0,0.,0.,92,0
https://app.ramify.fr/private-equity/simulation/fedd9453-dc28-4cf0-827a-e8af9009d1d2,1,0,1,0,0.,0.,111,0
https://app.ramify.fr/immobilier/simulation/532df74e-891f-40f6-87c3-3fd879ff55c9,1,0,1,0,0.,0.,24,0
https://app.ramify.fr/invest/onboarding/b01a1dde-58b1-4668-b2ef-e5c45d713843/portefeuille/securisation,1,0,2,0,0.,0.,47,0
https://app.ramify.fr/invest/onboarding/33b15d27-c3a3-45a8-873d-cff1350b39fc/portefeuille/risque,1,0,1,0,0.,0.,46,0
https://app.ramify.fr/private-equity/catalogue/recRiSCePelNe2yMd,1,3,3,4,0.,0.,64,13
https://app.ramify.fr/private-equity/simulation/deaeb304-9f61-4194-9f14-4735ad4ba49e,1,0,1,0,0.,0.,0,0
https://app.ramify.fr/invest/operations,1,5,2,7,0.,0.,10,12
https://app.ramify.fr/invest/onboarding/dc85a72d-5074-424c-9fae-6871c0b55b0b/signature,1,0,1,0,0.,0.,44,0
https://app.ramify.fr/invest/onboarding/66864bc1-b3e7-4799-b410-ac7ded5a03d4/signature/frais,1,0,0,0,0.,0.,12,0
https://app.ramify.fr/invest/onboarding/0f8335ec-3667-4b2c-a8e3-4ddafdbab3e7/connaissance-client/justificatif,1,0,1,0,0.,0.,20,0
https://app.ramify.fr/valider-email/eyJhbGciOiJIUzI1NiIsInR5cCI6IkpXVCJ9.eyJlbWFpbCI6ImpvaGFubGVuY2xvc0BnbWFpbC5jb20iLCJzdWIiOiJhZTk3ODU4Yy1mMjE4LTQ2MjYtOGEwYi0xYjM1NTA4YWQwOWMiLCJtZmFWYWxpZCI6ZmFsc2UsInNvdXJjZSI6IlZBTElEQVRFX0VNQUlMIiwiaWF0IjoxNzcwMjk4MDg3LCJleHAiOjE3NzAzODQ0ODd9.PFMXBXomnQ3PUQgJJXb5CAUsla5Hz2VEB2OZqLw7mo8,1,0,1,0,0.,0.,30,0
https://app.ramify.fr/immobilier/simulation/3eff8aa6-780e-4db6-8f33-331f201a90fc/recoeYrdfcz5vMuaM,1,0,1,0,0.,0.,24,0
https://app.ramify.fr/invest/onboarding/b3092c55-6d1f-446c-b6cc-c24aa1e24108/signature/frais,1,0,1,0,0.,0.,104,0
https://app.ramify.fr/invest/onboarding/f6cb114d-1efc-4c9c-9e6e-7a8252550105/connaissance-client/justificatif,1,0,3,0,0.,0.,3,0
https://app.ramify.fr/invest/dashboard/42d0901c-5044-4e67-8a9c-52b050d9cc4c,1,0,1,0,0.,0.,18,0
https://app.ramify.fr/private-equity/catalogue/rec3Bgw8B0EAN5IAL,1,2,1,2,0.,0.,6,3
https://app.ramify.fr/invest/onboarding/93dccf51-35ab-403f-8a61-e55f4e583b24/signature,1,0,1,0,0.,0.,41,0
https://app.ramify.fr/invest/onboarding/dc85a72d-5074-424c-9fae-6871c0b55b0b/portefeuille/style,1,0,1,0,0.,0.,12,0
https://www.ramify.fr/crypto,1,6,1,7,0.,0.,0,66
https://app.ramify.fr/invest/onboarding/66864bc1-b3e7-4799-b410-ac7ded5a03d4/connaissance-client/patrimoine,1,0,1,0,0.,0.,29,0
https://app.ramify.fr/invest/onboarding/f6cb114d-1efc-4c9c-9e6e-7a8252550105/fiscalite/situation,1,0,1,0,0.,0.,92,0
https://app.ramify.fr/invest/onboarding/2ca5e59b-230f-4b10-9c58-e0be3e7f345d/portefeuille/risque,1,0,1,0,0.,0.,30,0
https://www.ramify.fr/gestion-de-patrimoine/impot-fortune-immobiliere,1,0,1,0,0.,0.,144,0
https://app.ramify.fr/invest/onboarding/baa7e9b3-8707-4bc8-9c60-ebe6f0e8c59d/portefeuille/risque,1,0,1,0,0.,0.,16,0
https://app.ramify.fr/invest/onboarding/66864bc1-b3e7-4799-b410-ac7ded5a03d4/signature/bancaire,1,0,1,0,0.,0.,94,0
https://app.ramify.fr/private-equity/catalogue/recmz9Z7ZiLJIK6VV,1,0,2,0,0.,0.,16,0
https://app.ramify.fr/invest/onboarding/b3092c55-6d1f-446c-b6cc-c24aa1e24108,1,0,2,0,0.,0.,255,0
https://app.ramify.fr/invest/onboarding/b3092c55-6d1f-446c-b6cc-c24aa1e24108/signature/bulletin,1,0,1,0,0.,0.,177,0
https://app.ramify.fr/invest/onboarding/c192b60b-eb57-473b-880c-dd21792adfd6/portefeuille/type,1,0,5,0,0.,0.,3,0
https://www.ramify.fr/gestion-de-patrimoine/pret-immobilier-sans-apport,1,2,1,3,0.,0.,0,121
https://app.ramify.fr/mot-de-passe-oublie/eyJhbGciOiJIUzI1NiIsInR5cCI6IkpXVCJ9.eyJlbWFpbCI6InZpbmNlbnQua3dpYXRla0BnbWFpbC5jb20iLCJzdWIiOiIxNGEyYjNjMi1lZWVjLTQzZmEtYjhhYi01NDJmNjM4NTM2YmIiLCJtZmFWYWxpZCI6ZmFsc2UsInNvdXJjZSI6IlJFU0VUX1BBU1NXT1JEIiwiaWF0IjoxNzcyMjA1NDk4LCJleHAiOjE3NzIyOTE4OTh9.46l0T3_kFJmIfk1ZptUqHb-5I0juLUq0T6pGkxCDO2A,1,0,1,0,0.,0.,13,0
https://app.ramify.fr/per-transfer/onboarding/3592d6a7-7545-4a00-89b8-86b99c8e8378/provider,1,0,0,0,0.,0.,0,0
https://app.ramify.fr/valider-email/eyJhbGciOiJIUzI1NiIsInR5cCI6IkpXVCJ9.eyJlbWFpbCI6InJlZ2lzY29yaW5uZUBob3RtYWlsLmZyIiwic3ViIjoiMTU4MDFmMDktOGRhZC00ZDJlLTkwM2MtYjIwNjM5OTQwMWU2IiwibWZhVmFsaWQiOmZhbHNlLCJzb3VyY2UiOiJWQUxJREFURV9FTUFJTCIsImlhdCI6MTc3MjEwMjU2MiwiZXhwIjoxNzcyMTg4OTYyfQ.wu_SEdTh5DefY8abxrQ_Mp_KNa29CudPdPCT0yld9kc,1,0,1,0,0.,0.,44,0
https://app.ramify.fr/private-equity/catalogue/recZJTTTgqXMHQ2BE,1,0,2,0,0.,0.,28,0
https://app.ramify.fr/invest/onboarding/2ca5e59b-230f-4b10-9c58-e0be3e7f345d/portefeuille/securisation,1,0,3,0,0.,0.,17,0
https://app.ramify.fr/invest/onboarding/f6cb114d-1efc-4c9c-9e6e-7a8252550105/connaissance-client/justificatif/domicile,1,0,1,0,0.,0.,15,0
https://app.ramify.fr/invest/onboarding/baa7e9b3-8707-4bc8-9c60-ebe6f0e8c59d/portefeuille/recapitulatif,1,0,1,0,0.,0.,33,0
https://app.ramify.fr/invest/onboarding/c192b60b-eb57-473b-880c-dd21792adfd6/signature/confirmation,1,0,1,0,0.,0.,0,0
https://app.ramify.fr/invest/onboarding/dc85a72d-5074-424c-9fae-6871c0b55b0b/connaissance-client/recapitulatif,1,0,1,0,0.,0.,21,0
https://app.ramify.fr/invest/onboarding/3345054b-0c11-405c-aeaf-38800d8e241c/portefeuille/recapitulatif,1,0,1,0,0.,0.,18,0
https://app.ramify.fr/invest/onboarding/66864bc1-b3e7-4799-b410-ac7ded5a03d4/connaissance-client/etatCivil,1,0,1,0,0.,0.,55,0
https://app.ramify.fr/immobilier/catalogue/recX5tJzWAXDgaohT,1,0,2,0,0.,0.,13,0
https://app.ramify.fr/invest/onboarding/2ca5e59b-230f-4b10-9c58-e0be3e7f345d/portefeuille/recapitulatif,1,0,1,0,0.,0.,181,0
https://www.ramify.fr/portefeuilles/green,1,0,1,0,0.,0.,0,0
https://app.ramify.fr/invest/onboarding/f6cb114d-1efc-4c9c-9e6e-7a8252550105/signature,1,0,1,0,0.,0.,16,0
https://app.ramify.fr/cash/ouverture-cat-physical,1,0,1,0,0.,0.,16,0
https://app.ramify.fr/invest/onboarding/93dccf51-35ab-403f-8a61-e55f4e583b24/portefeuille/style,1,0,1,0,0.,0.,9,0
https://app.ramify.fr/invest/onboarding/f6cb114d-1efc-4c9c-9e6e-7a8252550105/fiscalite,1,0,1,0,0.,0.,6,0
https://app.ramify.fr/private-equity/catalogue/,1,0,1,0,0.,0.,0,0
https://app.ramify.fr/invest/onboarding/f6cb114d-1efc-4c9c-9e6e-7a8252550105/signature/frais,1,0,0,0,0.,0.,21,0
https://app.ramify.fr/invest/onboarding/f6cb114d-1efc-4c9c-9e6e-7a8252550105/signature/bancaire,1,0,1,0,0.,0.,7,0
https://app.ramify.fr/invest/onboarding/f6cb114d-1efc-4c9c-9e6e-7a8252550105/connaissance-client/coordonnees,1,0,1,0,0.,0.,9,0
https://www.ramify.fr/crypto/meilleure-plateforme,1,2,1,4,0.,0.,0,90
https://www.ramify.fr/gestion-de-patrimoine/alternatives-family-office,1,0,1,0,0.,0.,22,0
https://app.ramify.fr/invest/onboarding/b01a1dde-58b1-4668-b2ef-e5c45d713843/portefeuille/style,1,0,1,0,0.,0.,31,0
https://app.ramify.fr/invest/onboarding/93dccf51-35ab-403f-8a61-e55f4e583b24/fiscalite/situation,1,0,2,0,0.,0.,10,0
https://app.ramify.fr/immobilier/catalogue/reca93y3pcNcX9DLO,1,3,1,3,0.,0.,8,32
https://app.ramify.fr/invest/onboarding/f6cb114d-1efc-4c9c-9e6e-7a8252550105/portefeuille/type,1,0,1,0,0.,0.,29,0
https://app.ramify.fr/previsualisation/invest/bda39c66-5798-4dbc-b27f-377952500d2c,1,0,1,0,0.,0.,1065,0
https://app.ramify.fr/invest/onboarding/f6cb114d-1efc-4c9c-9e6e-7a8252550105/recapitulatif,1,0,1,0,0.,0.,11,0
https://www.ramify.fr/gestion-de-patrimoine/exit-startup,1,1,1,1,1.,1.,0,2
https://app.ramify.fr/invest-simulation/onboarding/resultats,1,0,1,0,0.,0.,21,0
https://app.ramify.fr/invest/dashboard/20b11a86-f3bc-4bab-a63c-095cf105cf3b,1,0,1,0,0.,0.,58,0
https://app.ramify.fr/invest/onboarding/c192b60b-eb57-473b-880c-dd21792adfd6/signature/bulletin,1,0,1,0,0.,0.,312,0
https://app.ramify.fr/immobilier/onboarding/853a60f8-bc4c-4f77-a550-40501ba32eb2,1,0,1,0,0.,0.,14,0
https://app.ramify.fr/invest/ouverture-assurance-vie-fonds-euros/projet,1,0,0,0,0.,0.,5,0
https://app.ramify.fr/invest/onboarding/66864bc1-b3e7-4799-b410-ac7ded5a03d4/portefeuille/risque,1,0,1,0,0.,0.,21,0
https://app.ramify.fr/valider-email/eyJhbGciOiJIUzI1NiIsInR5cCI6IkpXVCJ9.eyJlbWFpbCI6ImMtcGhpbGlwcGVAb3V0bG9vay5mciIsInN1YiI6IjE2YjljYWY1LTk1ZDQtNDE4Ni04ZGEyLTliYmY4OGI3NWUxOSIsIm1mYVZhbGlkIjpmYWxzZSwic291cmNlIjoiVkFMSURBVEVfRU1BSUwiLCJpYXQiOjE3NzAzMTM3MTAsImV4cCI6MTc3MDQwMDExMH0.__uagOc189_NXAi4nTiCeB2BoZZXidzKbmgPvNOBuMs,1,0,1,0,0.,0.,35,0
https://app.ramify.fr/previsualisation/souscription/78a696dc-dcc2-4100-91aa-b71141069068,1,2,1,3,0.,0.,4,206
https://app.ramify.fr/invest/onboarding/b01a1dde-58b1-4668-b2ef-e5c45d713843/fiscalite/situation,1,0,1,0,0.,0.,5,0
https://app.ramify.fr/invest/onboarding/93dccf51-35ab-403f-8a61-e55f4e583b24/portefeuille/recapitulatif,1,0,1,0,0.,0.,25,0
https://www.ramify.fr/avis/fips-partners-group-secondary-viii-strategy,1,0,2,0,0.,0.,62,0
https://www.ramify.fr/gestion-de-patrimoine/fonds-diversifie,1,2,1,2,0.,0.,0,40
https://app.ramify.fr/invest/onboarding/baa7e9b3-8707-4bc8-9c60-ebe6f0e8c59d/portefeuille/securisation,1,0,1,0,0.,0.,6,0
https://app.ramify.fr/invest/onboarding/dc85a72d-5074-424c-9fae-6871c0b55b0b/connaissance-client/justificatif,1,0,3,0,0.,0.,36,0
https://app.ramify.fr/invest/onboarding/f6cb114d-1efc-4c9c-9e6e-7a8252550105/connaissance-client/justificatif/identite,1,0,1,0,0.,0.,75,0
https://app.ramify.fr/invest/onboarding/b01a1dde-58b1-4668-b2ef-e5c45d713843/portefeuille/recapitulatif,1,0,2,0,0.,0.,56,0
https://app.ramify.fr/invest/onboarding/c192b60b-eb57-473b-880c-dd21792adfd6/signature,1,0,1,0,0.,0.,23,0
https://app.ramify.fr/immobilier/simulation/fef9059d-0615-4e9a-a255-0d308d6dbbcc,1,0,1,0,0.,0.,64,0
https://app.ramify.fr/invest/onboarding/0f8335ec-3667-4b2c-a8e3-4ddafdbab3e7/connaissance-client/justificatif/identite,1,0,1,0,0.,0.,0,0
https://app.ramify.fr/invest-simulation/onboarding/portefeuille/securisation,1,0,1,0,0.,0.,9,0
https://app.ramify.fr/fiscalite/onboarding,1,1,1,1,0.,0.,55,12
https://app.ramify.fr/valider-email/eyJhbGciOiJIUzI1NiIsInR5cCI6IkpXVCJ9.eyJlbWFpbCI6ImNocmlzdG9waGU2NDg5QHlhaG9vLmZyIiwic3ViIjoiYzE3NDYyNWEtMGQyOC00MjUyLWE3N2YtY2JiMzA5ZDUwN2UwIiwibWZhVmFsaWQiOmZhbHNlLCJzb3VyY2UiOiJWQUxJREFURV9FTUFJTCIsImlhdCI6MTc3MDI5ODI4MiwiZXhwIjoxNzcwMzg0NjgyfQ.5KXT6WxHwsV3ZOofMZQDZovKBwvAIpkE1XgXHrhTFxs,1,0,1,0,0.,0.,56,0
https://www.ramify.fr/bourse/bilan-2023-perspectives-2024---le-marche-des-obligations,1,0,1,0,0.,0.,13,0
https://www.ramify.fr/scpi/remake-live,1,0,2,0,0.,0.,67,0
https://app.ramify.fr/invest/onboarding/b01a1dde-58b1-4668-b2ef-e5c45d713843/portefeuille/risque,1,0,1,0,0.,0.,19,0
https://app.ramify.fr/invest/onboarding/47e85d22-bd84-445a-9359-716433d015e4/portefeuille/risque,1,0,1,0,0.,0.,0,0
https://app.ramify.fr/immobilier/onboarding/90ce157c-6252-4441-a826-e38386538c34/reglementaire,1,0,1,0,0.,0.,9,0
https://app.ramify.fr/invest/onboarding/93dccf51-35ab-403f-8a61-e55f4e583b24/portefeuille/type,1,0,1,0,0.,0.,11,0
https://app.ramify.fr/invest/onboarding/dc85a72d-5074-424c-9fae-6871c0b55b0b/connaissance-client/patrimoine,1,0,1,0,0.,0.,152,0
https://app.ramify.fr/immobilier/dashboard,1,1,1,1,0.,0.,5,12
https://app.ramify.fr/private-equity/simulation/22732d7a-ebf0-42dc-bc46-73cf28b417a5,1,0,1,0,0.,0.,51,0
https://app.ramify.fr/immobilier/onboarding/90ce157c-6252-4441-a826-e38386538c34/connaissance-client/recapitulatif,1,0,2,0,0.,0.,6,0
https://app.ramify.fr/invest/onboarding/0f8335ec-3667-4b2c-a8e3-4ddafdbab3e7/portefeuille/risque,1,0,1,0,0.,0.,10,0
https://www.ramify.fr/avis/fpci-entrepreneurs-croissance-5,1,1,1,1,1.,1.,16,0
https://app.ramify.fr/invest/onboarding/c192b60b-eb57-473b-880c-dd21792adfd6/fiscalite/situation,1,0,1,0,0.,0.,7,0
https://app.ramify.fr/invest/onboarding/c192b60b-eb57-473b-880c-dd21792adfd6/fiscalite,1,0,1,0,0.,0.,4,0
https://app.ramify.fr/documents/profil,1,0,1,0,0.,0.,0,0
https://app.ramify.fr/invest/onboarding/2ca5e59b-230f-4b10-9c58-e0be3e7f345d/connaissance-client/etatCivil,1,0,1,0,0.,0.,86,0
https://app.ramify.fr/invest/onboarding/dc85a72d-5074-424c-9fae-6871c0b55b0b/portefeuille/risque,1,0,1,0,0.,0.,42,0
https://app.ramify.fr/invest/onboarding/c192b60b-eb57-473b-880c-dd21792adfd6/portefeuille/securisation,1,0,5,0,0.,0.,6,0
https://app.ramify.fr/per-transfer/onboarding/3592d6a7-7545-4a00-89b8-86b99c8e8378,1,0,1,0,0.,0.,21,0
https://app.ramify.fr/invest/onboarding/dc85a72d-5074-424c-9fae-6871c0b55b0b/connaissance-client/etatCivil,1,0,1,0,0.,0.,28,0
https://app.ramify.fr/immobilier/simulation/b5eb6ed3-980c-40f8-8774-ce69da16a5d8,1,0,1,0,0.,0.,32,0
https://app.ramify.fr/invest/onboarding/baa7e9b3-8707-4bc8-9c60-ebe6f0e8c59d/fiscalite,1,0,1,0,0.,0.,15,0
https://www.ramify.fr/avis,1,4,2,4,0.,0.,535,31
https://app.ramify.fr/invest/onboarding/0f8335ec-3667-4b2c-a8e3-4ddafdbab3e7/connaissance-client,1,0,1,0,0.,0.,3,0
https://app.ramify.fr/crypto/onboarding/projet,1,1,1,1,0.,0.,21,69
https://www.ramify.fr/crypto/comment-investir,1,3,2,5,0.,0.,105,119
https://app.ramify.fr/simulation-transfert-per/chargement,1,3,3,5,0.,0.,54,80
https://app.ramify.fr/invest/onboarding/2ca5e59b-230f-4b10-9c58-e0be3e7f345d/connaissance-client/professionelle,1,0,1,0,0.,0.,53,0
https://app.ramify.fr/invest/onboarding/c192b60b-eb57-473b-880c-dd21792adfd6/signature/frais,1,0,0,0,0.,0.,8,0
https://app.ramify.fr/invest/onboarding/f6cb114d-1efc-4c9c-9e6e-7a8252550105/portefeuille/style,1,0,1,0,0.,0.,4,0
https://app.ramify.fr/private-equity/catalogue/recRiSCePelNe2yMd/recRiSCePelNe2yMd,1,0,1,0,0.,0.,0,0
https://app.ramify.fr/immobilier/recAXebc0OZdWbxNv,1,3,1,4,0.,0.,10,32
https://app.ramify.fr/private-equity/catalogue/rec0LtWRwu18c42er,1,0,1,0,0.,0.,10,0
https://app.ramify.fr/invest/onboarding/0f8335ec-3667-4b2c-a8e3-4ddafdbab3e7/portefeuille/securisation,1,0,1,0,0.,0.,14,0
https://app.ramify.fr/invest-simulation/onboarding/portefeuille,1,2,2,2,0.,0.,2,4
https://www.ramify.fr/blog/ma-retraite-de-base-en-tant-que-salarie-dans-le-secteur-prive,1,2,1,3,0.,0.,65,16
https://app.ramify.fr/invest-simulation/onboarding/portefeuille/recapitulatif,1,0,1,0,0.,0.,15,0
https://app.ramify.fr/invest/onboarding/66864bc1-b3e7-4799-b410-ac7ded5a03d4/signature/versements,1,0,1,0,0.,0.,18,0
https://app.ramify.fr/invest/onboarding/2ca5e59b-230f-4b10-9c58-e0be3e7f345d/portefeuille/type,1,0,3,0,0.,0.,20,0
https://app.ramify.fr/invest/onboarding/93dccf51-35ab-403f-8a61-e55f4e583b24/connaissance-client/recapitulatif,1,0,2,0,0.,0.,8,0
https://www.ramify.fr/avis/fps-swen-exclusive-infrastructures-2,1,5,1,5,1.,0.5,0,12
https://app.ramify.fr/invest/dashboard/0df392bf-eaf3-4c80-bdb1-19fb86babadb,1,0,1,0,0.,0.,45,0
https://app.ramify.fr/invest/onboarding/7330986a-7c59-4032-a95a-e69d0ccb1627/portefeuille/type,1,0,1,0,0.,0.,16,0
https://app.ramify.fr/invest/onboarding/b01a1dde-58b1-4668-b2ef-e5c45d713843/fiscalite,1,0,2,0,0.,0.,3,0
https://app.ramify.fr/immobilier/catalogue/recQh6cE8dM2zF9Ku,1,3,1,4,0.,0.,76,26
https://app.ramify.fr/invest/onboarding/3345054b-0c11-405c-aeaf-38800d8e241c/portefeuille/type,1,0,1,0,0.,0.,40,0
https://app.ramify.fr/invest/onboarding/c192b60b-eb57-473b-880c-dd21792adfd6/signature/beneficiaires,1,0,1,0,0.,0.,18,0
https://app.ramify.fr/invest/onboarding/dc85a72d-5074-424c-9fae-6871c0b55b0b/connaissance-client,1,0,1,0,0.,0.,10,0
https://app.ramify.fr/invest/onboarding/93dccf51-35ab-403f-8a61-e55f4e583b24/portefeuille/risque,1,0,1,0,0.,0.,12,0
https://app.ramify.fr/immobilier/simulation/3eff8aa6-780e-4db6-8f33-331f201a90fc,1,0,2,0,0.,0.,38,0
https://app.ramify.fr/invest/onboarding/66864bc1-b3e7-4799-b410-ac7ded5a03d4/connaissance-client/justificatif/domicile,1,0,1,0,0.,0.,254,0
https://app.ramify.fr/invest/onboarding/66864bc1-b3e7-4799-b410-ac7ded5a03d4/recapitulatif,1,0,1,0,0.,0.,14,0
https://www.ramify.fr/avis/fps-pams-pe-carlyle-access-fund-2024,1,2,1,3,1.,0.5,5,17
https://app.ramify.fr/invest/onboarding/66864bc1-b3e7-4799-b410-ac7ded5a03d4/portefeuille/securisation,1,0,1,0,0.,0.,25,0
https://app.ramify.fr/invest/onboarding/c192b60b-eb57-473b-880c-dd21792adfd6/signature/versements,1,0,1,0,0.,0.,548,0
https://app.ramify.fr/invest-simulation/onboarding/portefeuille/risque,1,2,2,4,0.,0.,17,43
https://app.ramify.fr/invest/onboarding/66864bc1-b3e7-4799-b410-ac7ded5a03d4/connaissance-client,1,0,1,0,0.,0.,6,0
https://app.ramify.fr/invest/onboarding/66864bc1-b3e7-4799-b410-ac7ded5a03d4/signature/beneficiaires,1,0,1,0,0.,0.,0,0
https://app.ramify.fr/invest/onboarding/f6cb114d-1efc-4c9c-9e6e-7a8252550105/connaissance-client/recapitulatif,1,0,1,0,0.,0.,3,0
https://app.ramify.fr/invest/onboarding/0f8335ec-3667-4b2c-a8e3-4ddafdbab3e7/portefeuille/style,1,0,1,0,0.,0.,5,0
https://app.ramify.fr/invest/onboarding/dc85a72d-5074-424c-9fae-6871c0b55b0b/connaissance-client/justificatif/domicile,1,0,1,0,0.,0.,17,0
https://app.ramify.fr/invest/onboarding/2ca5e59b-230f-4b10-9c58-e0be3e7f345d/connaissance-client,1,0,1,0,0.,0.,4,0
https://www.ramify.fr/gestion-de-patrimoine/compte-titres-luxembourg-societe,1,0,1,0,0.,0.,0,0
https://app.ramify.fr/invest/onboarding/7330986a-7c59-4032-a95a-e69d0ccb1627,1,0,1,0,0.,0.,6,0
https://app.ramify.fr/invest/onboarding/2ca5e59b-230f-4b10-9c58-e0be3e7f345d/portefeuille/style,1,0,1,0,0.,0.,84,0
https://app.ramify.fr/previsualisation/invest/1c3745f7-cbb3-41a6-a894-4bda5239d64e,1,0,2,0,0.,0.,84,0
https://app.ramify.fr/invest/onboarding/f6cb114d-1efc-4c9c-9e6e-7a8252550105/portefeuille/recapitulatif,1,0,1,0,0.,0.,53,0
https://app.ramify.fr/invest/onboarding/dc85a72d-5074-424c-9fae-6871c0b55b0b/portefeuille/securisation,1,0,1,0,0.,0.,27,0
https://app.ramify.fr/valider-email/eyJhbGciOiJIUzI1NiIsInR5cCI6IkpXVCJ9.eyJlbWFpbCI6Inhhdmllci5ib3VsbG90QGdtYWlsLmNvbSIsInN1YiI6ImVjMmE5N2Q1LWI5M2EtNDhlOC04ZjNhLTYwYWM4Mjc3ZDViNiIsIm1mYVZhbGlkIjpmYWxzZSwic291cmNlIjoiVkFMSURBVEVfRU1BSUwiLCJpYXQiOjE3NzA3MTczMTYsImV4cCI6MTc3MDgwMzcxNn0.gahlh4cQUKuCKq0psQImExNlaynYadmYZsVNDbXvdOw,1,0,1,0,0.,0.,33,0
https://www.ramify.fr/academy/webinars-podcasts,1,4,1,4,1.,1.,5,14
https://app.ramify.fr/immobilier/onboarding/90ce157c-6252-4441-a826-e38386538c34,1,0,1,0,0.,0.,25,0
https://app.ramify.fr/invest/onboarding/f6cb114d-1efc-4c9c-9e6e-7a8252550105/connaissance-client/patrimoine,1,0,1,0,0.,0.,112,0
https://app.ramify.fr/invest/onboarding/f6cb114d-1efc-4c9c-9e6e-7a8252550105/portefeuille/securisation,1,0,1,0,0.,0.,12,0
https://app.ramify.fr/invest/onboarding/dc85a72d-5074-424c-9fae-6871c0b55b0b/portefeuille/recapitulatif,1,0,1,0,0.,0.,31,0
https://app.ramify.fr/invest/onboarding/f6cb114d-1efc-4c9c-9e6e-7a8252550105/connaissance-client/professionelle,1,0,1,0,0.,0.,23,0
https://www.ramify.fr/gestion-de-patrimoine/scpi-ou-siic,1,0,1,0,0.,0.,3,0
https://www.ramify.fr/bourse/ou-va-mon-argent-quand-jinvestis-en-bourse,1,3,1,3,0.,1.,26,16
https://www.ramify.fr/epargne/ma-retraite-de-base-en-tant-que-salarie-dans-le-secteur-prive,1,1,1,1,0.,0.,4,22
https://app.ramify.fr/invest-simulation/onboarding/fiscalite/situation,1,0,1,0,0.,0.,7,0
https://app.ramify.fr/invest/onboarding/66864bc1-b3e7-4799-b410-ac7ded5a03d4/connaissance-client/justificatif/identite,1,0,1,0,0.,0.,38,0
https://app.ramify.fr/invest/onboarding/b3092c55-6d1f-446c-b6cc-c24aa1e24108/signature/bancaire,1,0,1,0,0.,0.,4,0
https://app.ramify.fr/invest/onboarding/dc85a72d-5074-424c-9fae-6871c0b55b0b/connaissance-client/foyerFiscal,1,0,1,0,0.,0.,31,0
https://app.ramify.fr/invest/onboarding/66864bc1-b3e7-4799-b410-ac7ded5a03d4/signature/confirmation,1,0,1,0,0.,0.,10,0
https://app.ramify.fr/invest/onboarding/c192b60b-eb57-473b-880c-dd21792adfd6/recapitulatif,1,0,1,0,0.,0.,42,0
https://app.ramify.fr/invest/onboarding/b01a1dde-58b1-4668-b2ef-e5c45d713843/portefeuille/type,1,0,3,0,0.,0.,33,0
https://app.ramify.fr/invest/onboarding/66864bc1-b3e7-4799-b410-ac7ded5a03d4/signature,1,0,1,0,0.,0.,24,0
https://app.ramify.fr/invest/onboarding/66864bc1-b3e7-4799-b410-ac7ded5a03d4/connaissance-client/coordonnees,1,0,1,0,0.,0.,32,0
https://app.ramify.fr/invest/onboarding/b3092c55-6d1f-446c-b6cc-c24aa1e24108/signature/versements,1,0,1,0,0.,0.,6,0
https://app.ramify.fr/invest/onboarding/f6cb114d-1efc-4c9c-9e6e-7a8252550105/connaissance-client,1,0,1,0,0.,0.,2,0
https://www.ramify.fr/campagnes/scpi,1,7,1,7,0.,0.,5,31
https://app.ramify.fr/immobilier/catalogue/reclcxpENYkUMhvgx,1,1,1,1,0.,0.,6,10
https://app.ramify.fr/invest/onboarding/dc85a72d-5074-424c-9fae-6871c0b55b0b/connaissance-client/professionelle,1,0,1,0,0.,0.,21,0
https://app.ramify.fr/invest/,1,1,1,1,0.,0.,0,24
https://app.ramify.fr/invest-simulation/onboarding/portefeuille/type,1,1,1,1,0.,0.,18,45
https://app.ramify.fr/immobilier/simulation/4f0e5a21-3f1f-465f-a1d2-05e99f584589,1,0,1,0,0.,0.,23,0
https://app.ramify.fr/invest/onboarding/f6cb114d-1efc-4c9c-9e6e-7a8252550105/signature/versements,1,0,1,0,0.,0.,12,0
https://www.ramify.fr/epargne/proprietaire-vs-locataire-3-rentable-acheter,1,0,1,0,0.,0.,2,0
https://app.ramify.fr/invest/onboarding/baa7e9b3-8707-4bc8-9c60-ebe6f0e8c59d/portefeuille/type,1,0,1,0,0.,0.,17,0
https://app.ramify.fr/invest/onboarding/66864bc1-b3e7-4799-b410-ac7ded5a03d4/connaissance-client/justificatif,1,0,3,0,0.,0.,8,0
https://app.ramify.fr/invest/onboarding/baa7e9b3-8707-4bc8-9c60-ebe6f0e8c59d/portefeuille/style,1,0,1,0,0.,0.,17,0
https://app.ramify.fr/simulation-transfert-per/result,1,1,1,1,0.,0.,27,0
https://app.ramify.fr/immobilier/onboarding/90ce157c-6252-4441-a826-e38386538c34/projet,1,0,1,0,0.,0.,16,0
https://app.ramify.fr/private-equity/dashboard,1,2,1,2,0.,0.,2,8
https://app.ramify.fr/invest/onboarding/93dccf51-35ab-403f-8a61-e55f4e583b24/fiscalite,1,0,2,0,0.,0.,6,0
https://app.ramify.fr/invest/onboarding/66864bc1-b3e7-4799-b410-ac7ded5a03d4/connaissance-client/recapitulatif,1,0,1,0,0.,0.,6,0
https://app.ramify.fr/immobilier/simulation/3e51a698-6a0d-4f29-93ad-a38995ea88a8,1,0,1,0,0.,0.,39,0
https://app.ramify.fr/invest/onboarding/f6cb114d-1efc-4c9c-9e6e-7a8252550105/signature/beneficiaires,1,0,1,0,0.,0.,0,0
https://app.ramify.fr/invest/ouverture-assurance-vie,1,4,1,4,0.,0.,31,63
https://app.ramify.fr/invest/onboarding/7330986a-7c59-4032-a95a-e69d0ccb1627/portefeuille/securisation,1,0,2,0,0.,0.,9,0
https://www.ramify.fr/gestion-de-patrimoine/ingenierie-patrimoniale,1,0,1,0,0.,0.,10,0
https://app.ramify.fr/invest/onboarding/66864bc1-b3e7-4799-b410-ac7ded5a03d4/portefeuille/style,1,0,1,0,0.,0.,23,0
https://app.ramify.fr/structure/recmkOfAxV3bCdzRR,1,0,1,0,0.,0.,66,0
https://app.ramify.fr/invest/onboarding/0f8335ec-3667-4b2c-a8e3-4ddafdbab3e7/portefeuille/recapitulatif,1,0,1,0,0.,0.,31,0
https://app.ramify.fr/invest/onboarding/3345054b-0c11-405c-aeaf-38800d8e241c/connaissance-client/etatCivil,1,0,1,0,0.,0.,0,0
https://app.ramify.fr/invest/onboarding/3345054b-0c11-405c-aeaf-38800d8e241c/connaissance-client,1,0,1,0,0.,0.,8,0
https://app.ramify.fr/immobilier/onboarding/90ce157c-6252-4441-a826-e38386538c34/connaissance-client,1,0,2,0,0.,0.,4,0
https://app.ramify.fr/invest/onboarding/66864bc1-b3e7-4799-b410-ac7ded5a03d4/signature/bulletin,1,0,1,0,0.,0.,87,0
https://www.ramify.fr/gestion-de-patrimoine/fiscalite-art,1,0,1,0,0.,0.,0,0
https://www.ramify.fr/private-equity/fonds-semi-liquide,1,1,1,1,0.,0.,240,67
https://app.ramify.fr/invest/onboarding/0ca9d2fb-165f-42c4-86db-0a9e694843c9/connaissance-client,1,0,1,0,0.,0.,10,0
https://app.ramify.fr/invest/onboarding/dc85a72d-5074-424c-9fae-6871c0b55b0b/recapitulatif,1,0,1,0,0.,0.,200,0
https://app.ramify.fr/valider-email/eyJhbGciOiJIUzI1NiIsInR5cCI6IkpXVCJ9.eyJlbWFpbCI6InNhaWQuYm94QG91dGxvb2suZnIiLCJzdWIiOiI3YmE2MzFmZi04ODZhLTQxZTAtODk4ZC03MWRjODVlYWRhYWQiLCJtZmFWYWxpZCI6ZmFsc2UsInNvdXJjZSI6IlZBTElEQVRFX0VNQUlMIiwiaWF0IjoxNzcxMTY2NjQxLCJleHAiOjE3NzEyNTMwNDF9.YuiQ4TbGMyoVnY56OSCwEUmNjDEawhXhk7MyrySbRy0,1,0,1,0,0.,0.,0,0
https://app.ramify.fr/invest/onboarding/66864bc1-b3e7-4799-b410-ac7ded5a03d4/connaissance-client/professionelle,1,0,1,0,0.,0.,26,0
https://app.ramify.fr/invest/onboarding/93dccf51-35ab-403f-8a61-e55f4e583b24/connaissance-client,1,0,2,0,0.,0.,4,0
https://app.ramify.fr/invest/onboarding/f6cb114d-1efc-4c9c-9e6e-7a8252550105/portefeuille/risque,1,0,1,0,0.,0.,20,0
https://app.ramify.fr/invest/onboarding/9dc5f90f-c3f3-4a41-b63a-0001a80b53ae/portefeuille/recapitulatif,0,1,0,2,0.,0.,0,31
https://www.ramify.fr/finance-quantitative/comment-fait-on-pour-optimiser-votre-epargne,0,1,0,1,0.,1.,0,726
https://app.ramify.fr/invest/onboarding/d978d213-f63d-4ffc-97ee-50013a2efe1b/connaissance-client/justificatif,0,1,0,8,0.,0.,0,5
https://app.ramify.fr/invest/onboarding/c6c7b43c-0010-4f55-9049-255545eafdd0/connaissance-client,0,1,0,1,0.,0.,0,6
https://app.ramify.fr/invest/onboarding/25a28542-82df-4558-bb27-16ddd122d3bc/portefeuille/risque,0,1,0,1,0.,0.,0,26
https://app.ramify.fr/invest/onboarding/791bbdc2-0038-4c99-981a-35af65db7523/connaissance-client/etatCivil,0,1,0,1,0.,0.,0,62
https://app.ramify.fr/invest/onboarding/d978d213-f63d-4ffc-97ee-50013a2efe1b/portefeuille/risque,0,1,0,1,0.,0.,0,33
https://app.ramify.fr/invest/onboarding/acca6277-3f0f-4471-83e1-5e72299b2e56/portefeuille/type,0,1,0,1,0.,0.,0,20
https://app.ramify.fr/invest/onboarding/bfa3e297-f586-4565-9e1d-d5aff85639a6/connaissance-client/coordonnees,0,1,0,1,0.,0.,0,0
https://app.ramify.fr/invest/onboarding/b795b4f3-ca2e-492f-9b73-a5e0d6bf7c9b/portefeuille/risque,0,1,0,1,0.,0.,0,12
https://app.ramify.fr/invest/onboarding/791bbdc2-0038-4c99-981a-35af65db7523,0,1,0,1,0.,0.,0,7
https://app.ramify.fr/valider-email/eyJhbGciOiJIUzI1NiIsInR5cCI6IkpXVCJ9.eyJlbWFpbCI6Imx1Y2llbkBhZ2lzc2ltLmNvbSIsInN1YiI6ImMzZjI5NDdkLTJlYWItNDE5OC1hYjgyLTk3MWYxNWJkZTllNiIsIm1mYVZhbGlkIjpmYWxzZSwic291cmNlIjoiVkFMSURBVEVfRU1BSUwiLCJpYXQiOjE3NjkwMTMxMDYsImV4cCI6MTc2OTA5OTUwNn0.EUx0Ph8d7bdJzj0lmuj1GviJY7UpOvZ4-TqWx7Ik6x0,0,1,0,1,0.,0.,0,125
https://app.ramify.fr/immobilier/simulation/81e2b6ea-4a87-4643-aa0a-f8bdb3a05e47,0,1,0,1,0.,0.,0,432
https://app.ramify.fr/private-equity/catalogue/rec7f8vaJS91mVqwV,0,1,0,1,0.,0.,0,19
https://www.ramify.fr/epargne/proprietaire-vs-locataire-episode-2-le-face-a-face-des-frais,0,1,0,1,0.,0.,0,8
https://app.ramify.fr/invest/onboarding/b44d93e8-1e43-464a-ab99-69b9e4a2840d/portefeuille/securisation,0,1,0,1,0.,0.,0,8
https://app.ramify.fr/previsualisation/invest/4beee162-a2f8-4dbd-a25b-1dcc47c53480,0,1,0,1,0.,0.,0,17
https://app.ramify.fr/immobilier/catalogue/recNLNhdx950vi1V1,0,1,0,1,0.,0.,0,25
https://app.ramify.fr/invest/onboarding/acca6277-3f0f-4471-83e1-5e72299b2e56/signature/versements,0,1,0,1,0.,0.,0,34
https://app.ramify.fr/invest/onboarding/25a28542-82df-4558-bb27-16ddd122d3bc/portefeuille/recapitulatif,0,1,0,1,0.,0.,0,78
https://app.ramify.fr/invest/onboarding/27fc2634-3ddb-44cd-93d4-8b807c3c5ada/portefeuille/style,0,1,0,1,0.,0.,0,3
https://app.ramify.fr/invest/onboarding/d978d213-f63d-4ffc-97ee-50013a2efe1b/portefeuille/recapitulatif,0,1,0,1,0.,0.,0,85
https://app.ramify.fr/invest/onboarding/791bbdc2-0038-4c99-981a-35af65db7523/signature/frais,0,1,0,1,0.,0.,0,9
https://app.ramify.fr/private-equity/catalogue/recefsj4D7UICzZ2N,0,2,0,7,0.,0.,0,339
https://app.ramify.fr/immobilier/simulation/7e90976f-d7d7-436b-ad3a-8bd55bca8752,0,1,0,1,0.,0.,0,38
https://app.ramify.fr/immobilier/catalogue/recCSiiPo7JCXhL8z,0,1,0,1,0.,0.,0,10
https://www.ramify.fr/epargne/introduction-mecanismes-argent,0,2,0,2,0.,1.,0,22
https://app.ramify.fr/crypto/onboarding/verification/verification,0,1,0,2,0.,0.,0,562
https://app.ramify.fr/private-equity/catalogue/recCu2X5bERdBuXIx,0,1,0,1,0.,0.,0,3
https://app.ramify.fr/crypto/onboarding/connaissance-client/justificatif/identite,0,1,0,9,0.,0.,0,26
https://app.ramify.fr/invest/onboarding/acca6277-3f0f-4471-83e1-5e72299b2e56/connaissance-client/patrimoine,0,1,0,2,0.,0.,0,43
https://app.ramify.fr/crypto/operations,0,1,0,1,0.,0.,0,74
https://app.ramify.fr/immobilier/catalogue/recUQbJZ9qLlcZ17w,0,1,0,1,0.,0.,0,88
https://app.ramify.fr/invest/onboarding/791bbdc2-0038-4c99-981a-35af65db7523/reglementaire,0,1,0,3,0.,0.,0,28
https://app.ramify.fr/immobilier/catalogue/recQXDzpBPKH0ASw8,0,2,0,2,0.,0.,0,62
https://app.ramify.fr/invest/onboarding/791bbdc2-0038-4c99-981a-35af65db7523/connaissance-client/recapitulatif,0,1,0,3,0.,0.,0,6
https://app.ramify.fr/valider-email/eyJhbGciOiJIUzI1NiIsInR5cCI6IkpXVCJ9.eyJlbWFpbCI6InN1emFubmUuaGFudHpAZ21haWwuY29tIiwic3ViIjoiMGRhYTY4ZmMtN2Y5OS00NDZkLWIxOGUtOGM0Y2MwN2RmZDYwIiwibWZhVmFsaWQiOmZhbHNlLCJzb3VyY2UiOiJWQUxJREFURV9FTUFJTCIsImlhdCI6MTc2ODcyODExNSwiZXhwIjoxNzY4ODE0NTE1fQ.E9SaObfU3LkE7j4KCzg89oHrXrgXkyZOXOFaxzSFKCw,0,1,0,1,0.,0.,0,32
https://app.ramify.fr/invest/onboarding/c6c7b43c-0010-4f55-9049-255545eafdd0/portefeuille/type,0,1,0,1,0.,0.,0,27
https://www.ramify.fr/scpi/rscpi-bilan-2024-perspectives-2025,0,1,0,1,0.,0.,0,7
https://app.ramify.fr/invest/onboarding/b44d93e8-1e43-464a-ab99-69b9e4a2840d/portefeuille/risque,0,1,0,2,0.,0.,0,12
https://app.ramify.fr/invest/onboarding/fad397c4-7c5f-4713-9b7a-4e8a5366548a/portefeuille/securisation,0,1,0,3,0.,0.,0,5
https://app.ramify.fr/invest/onboarding/b8c6bde5-b120-4214-a90d-8f720cd6fcff/portefeuille/risque,0,1,0,2,0.,0.,0,106
https://app.ramify.fr/invest/onboarding/acca6277-3f0f-4471-83e1-5e72299b2e56/signature/frais,0,1,0,0,0.,0.,0,21
https://app.ramify.fr/invest/onboarding/9dc5f90f-c3f3-4a41-b63a-0001a80b53ae/portefeuille/type,0,1,0,2,0.,0.,0,34
https://app.ramify.fr/invest/onboarding/8ff73e20-8dfb-462b-aa4b-481fb581c0dd/portefeuille/risque,0,1,0,1,0.,0.,0,25
https://app.ramify.fr/invest/onboarding/c6c7b43c-0010-4f55-9049-255545eafdd0/connaissance-client/etatCivil,0,1,0,1,0.,0.,0,162
https://app.ramify.fr/invest/onboarding/acca6277-3f0f-4471-83e1-5e72299b2e56/signature/bulletin,0,1,0,1,0.,0.,0,631
https://app.ramify.fr/immobilier/immobilier/catalogue,0,2,0,4,0.,0.,0,0
https://www.ramify.fr/outils,0,1,0,1,0.,0.,0,8
https://app.ramify.fr/private-equity/catalogue/rech9YCoKWcVyfLuz,0,1,0,1,0.,0.,0,35
https://app.ramify.fr/invest/onboarding/791bbdc2-0038-4c99-981a-35af65db7523/reglementaire/situation,0,1,0,0,0.,0.,0,0
https://app.ramify.fr/invest/onboarding/d978d213-f63d-4ffc-97ee-50013a2efe1b,0,1,0,1,0.,0.,0,9
https://app.ramify.fr/immobilier/catalogue/reccbUqKrkm6aISt9,0,1,0,1,0.,0.,0,22
https://app.ramify.fr/invest/ouverture-assurance-vie-mineur/projet,0,1,0,1,0.,0.,0,70
https://app.ramify.fr/immobilier/catalogue/reciolqDLa6F0EFVJ,0,2,0,2,0.,0.,0,42
https://app.ramify.fr/immobilier/catalogue/rec2gPhimLwZX8soS,0,1,0,1,0.,0.,0,28
https://app.ramify.fr/invest/onboarding/2d691528-b274-47b8-89db-fe24419f2174/connaissance-client,0,1,0,2,0.,0.,0,173
https://app.ramify.fr/crypto/onboarding/connaissance-client/professionelle,0,1,0,1,0.,0.,0,41
https://app.ramify.fr/private-equity/simulation/397a1846-ee24-4d0f-82fd-495f251b535a,0,1,0,1,0.,0.,0,8
https://app.ramify.fr/crypto/onboarding/connaissance-client/foyerFiscal,0,1,0,1,0.,0.,0,714
https://app.ramify.fr/immobilier/catalogue/recIxiPaL1jEy5Hxt,0,1,0,2,0.,0.,0,8
https://app.ramify.fr/previsualisation/crowdfunding/a91ff3e3-9bf7-40cd-9b93-9b4225f283f9,0,1,0,1,0.,0.,0,16
https://app.ramify.fr/invest/onboarding/b44d93e8-1e43-464a-ab99-69b9e4a2840d/connaissance-client,0,1,0,1,0.,0.,0,0
https://app.ramify.fr/invest/onboarding/c6c7b43c-0010-4f55-9049-255545eafdd0/portefeuille/recapitulatif,0,1,0,1,0.,0.,0,42
https://app.ramify.fr/immobilier/catalogue/rectX4wSMDpSFVOhW,0,2,0,3,0.,0.,0,29
https://app.ramify.fr/invest/onboarding/d978d213-f63d-4ffc-97ee-50013a2efe1b/connaissance-client,0,1,0,1,0.,0.,0,10
https://app.ramify.fr/immobilier/catalogue/recIUWulSRyOQndRR,0,1,0,1,0.,0.,0,17
https://app.ramify.fr/invest/onboarding/bfa3e297-f586-4565-9e1d-d5aff85639a6/portefeuille/securisation,0,1,0,2,0.,0.,0,14
https://app.ramify.fr/invest/onboarding/791bbdc2-0038-4c99-981a-35af65db7523/connaissance-client/patrimoine,0,1,0,4,0.,0.,0,26
https://app.ramify.fr/invest/onboarding/c6c7b43c-0010-4f55-9049-255545eafdd0/portefeuille/securisation,0,1,0,1,0.,0.,0,20
https://app.ramify.fr/invest/onboarding/791bbdc2-0038-4c99-981a-35af65db7523/reglementaire/adequation,0,1,0,1,0.,0.,0,30
https://app.ramify.fr/invest/onboarding/b44d93e8-1e43-464a-ab99-69b9e4a2840d/portefeuille/style,0,1,0,2,0.,0.,0,4
https://app.ramify.fr/invest/onboarding/27fc2634-3ddb-44cd-93d4-8b807c3c5ada/portefeuille/type,0,1,0,1,0.,0.,0,32
https://app.ramify.fr/invest/onboarding/acca6277-3f0f-4471-83e1-5e72299b2e56/connaissance-client/etatCivil,0,1,0,1,0.,0.,0,16
https://app.ramify.fr/invest/onboarding/acca6277-3f0f-4471-83e1-5e72299b2e56/signature,0,1,0,1,0.,0.,0,53
https://app.ramify.fr/private-equity/catalogue/recolJXKcq9tDhHgR,0,1,0,1,0.,0.,0,11
https://app.ramify.fr/valider-email/eyJhbGciOiJIUzI1NiIsInR5cCI6IkpXVCJ9.eyJlbWFpbCI6ImJlcm5pZXJnaHlzbGFpbmVAZ21haWwuY29tIiwic3ViIjoiNzI1NmVlMTctYTZiNC00ZDFkLWEyMWMtZTA3MTgyMmMwNThlIiwibWZhVmFsaWQiOmZhbHNlLCJzb3VyY2UiOiJWQUxJREFURV9FTUFJTCIsImlhdCI6MTc2OTY3NDU3MiwiZXhwIjoxNzY5NzYwOTcyfQ.kxx-RN0bPbHfW7KuYKyRFuseJS7q3cWibFZPJucfZnw,0,1,0,1,0.,0.,0,0
https://app.ramify.fr/parrainage,0,2,0,2,0.,0.,0,40
https://app.ramify.fr/invest/onboarding/791bbdc2-0038-4c99-981a-35af65db7523/signature/versements,0,1,0,1,0.,0.,0,32
https://app.ramify.fr/invest/onboarding/fad397c4-7c5f-4713-9b7a-4e8a5366548a/portefeuille/style,0,1,0,3,0.,0.,0,6
https://app.ramify.fr/invest/onboarding/bfa3e297-f586-4565-9e1d-d5aff85639a6/connaissance-client,0,1,0,1,0.,0.,0,11
https://www.ramify.fr/avis/axclimat-1,0,0,0,0,0.,0.,0,0
https://app.ramify.fr/invest/onboarding/9dc5f90f-c3f3-4a41-b63a-0001a80b53ae/connaissance-client/etatCivil,0,1,0,1,0.,0.,0,49
https://www.ramify.fr/wealth-tour,0,1,0,2,0.,0.,0,5
https://app.ramify.fr/immobilier/catalogue/recoeYrdfcz5vMuaM,0,1,0,1,0.,0.,0,15
https://app.ramify.fr/invest/onboarding/d978d213-f63d-4ffc-97ee-50013a2efe1b/portefeuille/style,0,1,0,1,0.,0.,0,16
https://www.ramify.fr/IE000I8KRLL9-vie/fiscalite,0,1,0,1,0.,0.,0,3
https://www.ramify.fr/espace-presse/lancement-x-fund,0,0,0,0,0.,0.,0,0
https://app.ramify.fr/immobilier/catalogue/recAc0Xp1eihapokK,0,1,0,1,0.,0.,0,7
https://app.ramify.fr/invest/onboarding/d978d213-f63d-4ffc-97ee-50013a2efe1b/connaissance-client/etatCivil,0,1,0,1,0.,0.,0,35
https://app.ramify.fr/invest/onboarding/d978d213-f63d-4ffc-97ee-50013a2efe1b/connaissance-client/justificatif/identite,0,1,0,4,0.,0.,0,88
https://app.ramify.fr/invest/onboarding/9dc5f90f-c3f3-4a41-b63a-0001a80b53ae/connaissance-client,0,1,0,1,0.,0.,0,18
https://app.ramify.fr/private-equity/catalogue/recH6T2eQnWSY5YuW,0,2,0,3,0.,0.,0,20
https://app.ramify.fr/valider-email/eyJhbGciOiJIUzI1NiIsInR5cCI6IkpXVCJ9.eyJlbWFpbCI6ImplYW5waWVycmUua29sYkBmcmVlLmZyIiwic3ViIjoiYzAzM2MxNWMtNzFjYi00OTIzLWJjMTgtMmJkNzgwOTliM2IzIiwibWZhVmFsaWQiOmZhbHNlLCJzb3VyY2UiOiJWQUxJREFURV9FTUFJTCIsImlhdCI6MTc2ODA1NDY4MCwiZXhwIjoxNzY4MTQxMDgwfQ.mwpYZHVOctAOdzcJrM1OB2HVVrwBgURyaObrocxHORw,0,1,0,2,0.,0.,0,64
https://app.ramify.fr/private-equity/onboarding/9d232e58-b771-4a4f-8c5c-799db48c78da,0,1,0,1,0.,0.,0,7
https://app.ramify.fr/invest/onboarding/acca6277-3f0f-4471-83e1-5e72299b2e56/connaissance-client/justificatif,0,1,0,3,0.,0.,0,7
https://app.ramify.fr/immobilier/catalogue/recIxjzgKlzYz7UyJ,0,1,0,1,0.,0.,0,13
https://app.ramify.fr/immobilier/catalogue/recqdsq4756UZTExH,0,1,0,1,0.,0.,0,14
https://app.ramify.fr/invest/onboarding/9b0e1b7d-a55f-4f75-a262-297a03b2485a/portefeuille/style,0,1,0,1,0.,0.,0,5
https://www.ramify.fr/private-equity/growth,0,0,0,0,0.,0.,0,0
https://app.ramify.fr/immobilier/catalogue/recKGzdexkcsHeJUm,0,2,0,3,0.,0.,0,19
https://app.ramify.fr/invest/onboarding/c6c7b43c-0010-4f55-9049-255545eafdd0/fiscalite/situation,0,1,0,1,0.,0.,0,52
https://app.ramify.fr/invest/onboarding/acca6277-3f0f-4471-83e1-5e72299b2e56/signature/confirmation,0,1,0,1,0.,0.,0,23
https://app.ramify.fr/invest/onboarding/fad397c4-7c5f-4713-9b7a-4e8a5366548a/portefeuille/type,0,1,0,3,0.,0.,0,18
https://app.ramify.fr/transfer-method-per/onboarding/introduction,0,2,0,0,0.,0.,0,0
https://app.ramify.fr/invest/onboarding/25a28542-82df-4558-bb27-16ddd122d3bc/portefeuille/type,0,1,0,1,0.,0.,0,6
https://app.ramify.fr/invest/onboarding/b44d93e8-1e43-464a-ab99-69b9e4a2840d/portefeuille/recapitulatif,0,1,0,1,0.,0.,0,74
https://app.ramify.fr/private-equity/onboarding/9d232e58-b771-4a4f-8c5c-799db48c78da/connaissance-client/etatCivil,0,1,0,1,0.,0.,0,15
https://app.ramify.fr/invest/onboarding/fad397c4-7c5f-4713-9b7a-4e8a5366548a/connaissance-client/etatCivil,0,1,0,1,0.,0.,0,91
https://app.ramify.fr/invest/onboarding/d978d213-f63d-4ffc-97ee-50013a2efe1b/portefeuille/type,0,1,0,1,0.,0.,0,49
https://app.ramify.fr/private-equity/onboarding/9d232e58-b771-4a4f-8c5c-799db48c78da/projet,0,1,0,1,0.,0.,0,1
https://app.ramify.fr/invest/onboarding/fad397c4-7c5f-4713-9b7a-4e8a5366548a/portefeuille/risque,0,1,0,2,0.,0.,0,11
https://www.ramify.fr/cto,0,1,0,1,0.,0.,0,0
https://app.ramify.fr/invest/onboarding/acca6277-3f0f-4471-83e1-5e72299b2e56/connaissance-client/justificatif/domicile,0,1,0,1,0.,0.,0,101
https://app.ramify.fr/crypto/onboarding/connaissance-client/justificatif,0,1,0,13,0.,0.,0,135
https://app.ramify.fr/invest/onboarding/acca6277-3f0f-4471-83e1-5e72299b2e56/portefeuille/risque,0,1,0,1,0.,0.,0,40
https://app.ramify.fr/invest/onboarding/b795b4f3-ca2e-492f-9b73-a5e0d6bf7c9b/portefeuille/style,0,1,0,1,0.,0.,0,7
https://app.ramify.fr/invest/onboarding/fad397c4-7c5f-4713-9b7a-4e8a5366548a/projet,0,1,0,2,0.,0.,0,4
https://app.ramify.fr/invest/onboarding/b795b4f3-ca2e-492f-9b73-a5e0d6bf7c9b/portefeuille/securisation,0,1,0,1,0.,0.,0,18
https://app.ramify.fr/documents/contracts,0,2,0,2,0.,0.,0,76
https://app.ramify.fr/invest/onboarding/acca6277-3f0f-4471-83e1-5e72299b2e56/connaissance-client/foyerFiscal,0,1,0,1,0.,0.,0,41
https://app.ramify.fr/immobilier/catalogue/recKri4jTlhavKeHo,0,1,0,1,0.,0.,0,38
https://app.ramify.fr/invest/onboarding/acca6277-3f0f-4471-83e1-5e72299b2e56/connaissance-client,0,1,0,2,0.,0.,0,10
https://app.ramify.fr/invest/onboarding/d978d213-f63d-4ffc-97ee-50013a2efe1b/connaissance-client/professionelle,0,1,0,1,0.,0.,0,75
https://app.ramify.fr/invest/onboarding/9b0e1b7d-a55f-4f75-a262-297a03b2485a/portefeuille/risque,0,1,0,1,0.,0.,0,21
https://app.ramify.fr/invest/onboarding/2388665a-32fa-4bad-936b-4c8379f1c854/portefeuille/recapitulatif,0,1,0,1,0.,0.,0,495
https://app.ramify.fr/invest/onboarding/b795b4f3-ca2e-492f-9b73-a5e0d6bf7c9b/connaissance-client,0,1,0,1,0.,0.,0,8
https://app.ramify.fr/immobilier/simulation/5116ad7f-e842-44ba-9639-0e92ba13b5fa,0,1,0,1,0.,0.,0,184
https://app.ramify.fr/invest/onboarding/8ff73e20-8dfb-462b-aa4b-481fb581c0dd/portefeuille/type,0,1,0,1,0.,0.,0,25
https://app.ramify.fr/invest/onboarding/9dc5f90f-c3f3-4a41-b63a-0001a80b53ae/portefeuille/risque,0,1,0,1,0.,0.,0,45
https://app.ramify.fr/immobilier/simulation/e532a3c8-fad3-46f4-8214-215c5d9a38e3,0,1,0,6,0.,0.,0,7
https://app.ramify.fr/invest/onboarding/e6686d8c-398b-4c9f-abae-0a78dc1d3563/connaissance-client,0,1,0,1,0.,0.,0,10
https://app.ramify.fr/invest/onboarding/fad397c4-7c5f-4713-9b7a-4e8a5366548a/portefeuille/recapitulatif,0,1,0,2,0.,0.,0,84
https://www.ramify.fr/scpi/ramify-scpi-index-rscpi,0,1,0,2,0.,0.,0,25
https://app.ramify.fr/immobilier/onboarding/f0becea1-2860-453c-991b-b0095e5124c4,0,1,0,1,0.,0.,0,13
https://app.ramify.fr/invest/onboarding/b44d93e8-1e43-464a-ab99-69b9e4a2840d/portefeuille/type,0,1,0,1,0.,0.,0,13
https://www.ramify.fr/gestion-de-patrimoine/pierre-papier,0,1,0,1,0.,0.,0,100
https://app.ramify.fr/immobilier/catalogue/recepJCgnLfDIN0fS,0,1,0,1,0.,0.,0,9
https://app.ramify.fr/transfer-method-per/onboarding,0,1,0,1,0.,0.,0,43
https://app.ramify.fr/crypto/onboarding/connaissance-client/recapitulatif,0,1,0,1,0.,0.,0,9
https://app.ramify.fr/previsualisation/crypto/CORE,0,2,0,2,0.,0.,0,62
https://app.ramify.fr/invest/onboarding/bfa3e297-f586-4565-9e1d-d5aff85639a6/portefeuille/style,0,1,0,2,0.,0.,0,7
https://app.ramify.fr/invest/onboarding/acca6277-3f0f-4471-83e1-5e72299b2e56/signature/bancaire,0,1,0,1,0.,0.,0,98
https://app.ramify.fr/invest/onboarding/acca6277-3f0f-4471-83e1-5e72299b2e56/portefeuille/securisation,0,1,0,1,0.,0.,0,36
https://app.ramify.fr/invest/onboarding/9b0e1b7d-a55f-4f75-a262-297a03b2485a/portefeuille/type,0,1,0,1,0.,0.,0,16
https://app.ramify.fr/immobilier/onboarding/f0becea1-2860-453c-991b-b0095e5124c4/connaissance-client/etatCivil,0,1,0,1,0.,0.,0,5
https://app.ramify.fr/immobilier/onboarding/fc8745af-7f34-4af8-ae8a-792a47b54dc2,0,1,0,1,0.,0.,0,10
https://app.ramify.fr/invest/onboarding/acca6277-3f0f-4471-83e1-5e72299b2e56/connaissance-client/coordonnees,0,1,0,2,0.,0.,0,18
https://app.ramify.fr/invest/onboarding/acca6277-3f0f-4471-83e1-5e72299b2e56/connaissance-client/professionelle,0,1,0,1,0.,0.,0,20
https://app.ramify.fr/immobilier/catalogue/recvKKGk7rzfTTQdi,0,2,0,2,0.,0.,0,13
https://app.ramify.fr/valider-email/eyJhbGciOiJIUzI1NiIsInR5cCI6IkpXVCJ9.eyJlbWFpbCI6Imp1bGllbi5oYWNoZUBvdXRsb29rLmNvbSIsInN1YiI6Ijg3NGYzODhmLTNlYmItNDZlOC05YjQ2LThjZjA3MTk4YzU4MiIsIm1mYVZhbGlkIjpmYWxzZSwic291cmNlIjoiVkFMSURBVEVfRU1BSUwiLCJpYXQiOjE3Njk3OTgwNDQsImV4cCI6MTc2OTg4NDQ0NH0.iwZyIu3x1tqUmLuvuRMyUalMHrdaKMd58onF6UThmsc,0,1,0,1,0.,0.,0,6
https://app.ramify.fr/immobilier/catalogue/recjVZH1j0dj6mz9u,0,3,0,3,0.,0.,0,13
https://app.ramify.fr/invest/onboarding/8ff73e20-8dfb-462b-aa4b-481fb581c0dd/portefeuille/recapitulatif,0,1,0,1,0.,0.,0,44
https://app.ramify.fr/immobilier/dashboard/e74bbe82-e4eb-4576-865d-ff9dcc87b10e,0,1,0,1,0.,0.,0,0
https://app.ramify.fr/valider-email/eyJhbGciOiJIUzI1NiIsInR5cCI6IkpXVCJ9.eyJlbWFpbCI6InNiYXN0aWVuLnZpbGxlbmF2ZUBnbWFpbC5jb20iLCJzdWIiOiI1NGUzZWIyNS1jNjE1LTRmYWUtYjIzOC00NWM4YzZjNGQ5MDkiLCJtZmFWYWxpZCI6ZmFsc2UsInNvdXJjZSI6IlZBTElEQVRFX0VNQUlMIiwiaWF0IjoxNzY4NjQyNTMxLCJleHAiOjE3Njg3Mjg5MzF9._BjFPgc2wzo2N31179KNNv5yc-NV9cjpExQM7nly7ng,0,1,0,1,0.,0.,0,38
https://app.ramify.fr/invest/onboarding/e6686d8c-398b-4c9f-abae-0a78dc1d3563/projet,0,1,0,2,0.,0.,0,22
https://app.ramify.fr/invest/onboarding/2388665a-32fa-4bad-936b-4c8379f1c854/portefeuille/style,0,1,0,1,0.,0.,0,3
https://app.ramify.fr/immobilier/catalogue/recpiPeP7kmhSUTD5,0,2,0,2,0.,0.,0,15
https://app.ramify.fr/invest/onboarding/2388665a-32fa-4bad-936b-4c8379f1c854/projet,0,1,0,1,0.,0.,0,0
https://app.ramify.fr/invest/onboarding/c6c7b43c-0010-4f55-9049-255545eafdd0/fiscalite,0,1,0,1,0.,0.,0,6
https://app.ramify.fr/invest/onboarding/b795b4f3-ca2e-492f-9b73-a5e0d6bf7c9b/portefeuille/recapitulatif,0,1,0,1,0.,0.,0,121
https://app.ramify.fr/invest/onboarding/791bbdc2-0038-4c99-981a-35af65db7523/connaissance-client/coordonnees,0,1,0,2,0.,0.,0,1
https://app.ramify.fr/crypto/onboarding/connaissance-client/coordonnees,0,1,0,1,0.,0.,0,41
https://app.ramify.fr/pea-transfer/onboarding/new/contract,0,1,0,1,0.,0.,0,41
https://app.ramify.fr/private-equity/catalogue/recKYOoCOi16L45Xk,0,1,0,2,0.,0.,0,4
https://www.ramify.fr/gestion-de-patrimoine/coaching-pratique-besoin-cash,0,0,0,0,0.,0.,0,0
https://app.ramify.fr/invest/onboarding/d978d213-f63d-4ffc-97ee-50013a2efe1b/portefeuille/securisation,0,1,0,1,0.,0.,0,18
https://www.ramify.fr/scpi/rscpi-t1-2025,0,0,0,0,0.,0.,0,0
https://app.ramify.fr/immobilier/onboarding/f0becea1-2860-453c-991b-b0095e5124c4/projet,0,1,0,0,0.,0.,0,0
https://app.ramify.fr/immobilier/catalogue/recaZVQ6JXIc11cgX,0,1,0,1,0.,0.,0,29
https://app.ramify.fr/invest/onboarding/acca6277-3f0f-4471-83e1-5e72299b2e56/connaissance-client/recapitulatif,0,1,0,1,0.,0.,0,17
https://app.ramify.fr/invest/onboarding/791bbdc2-0038-4c99-981a-35af65db7523/connaissance-client/foyerFiscal,0,1,0,2,0.,0.,0,20
https://app.ramify.fr/crowdfunding/ouverture-produit/recKVAWvMWdWeuNTZ,0,1,0,1,0.,0.,0,10
https://www.ramify.fr/avis/scpi-corum-usa,0,1,0,1,0.,1.,0,0
https://app.ramify.fr/invest/onboarding/c6c7b43c-0010-4f55-9049-255545eafdd0/portefeuille/style,0,1,0,1,0.,0.,0,2
https://app.ramify.fr/crypto/onboarding,0,1,0,1,0.,0.,0,20
https://app.ramify.fr/invest/onboarding/bfa3e297-f586-4565-9e1d-d5aff85639a6/connaissance-client/foyerFiscal,0,1,0,1,0.,0.,0,42
https://www.ramify.fr/simulateur-pea,0,0,0,0,0.,0.,0,0
https://www.ramify.fr/epargne/combien-avoir-de-cote-a-50-ansepargne,0,1,0,2,0.,0.,0,44
https://app.ramify.fr/immobilier/catalogue/recct1pquOUIqauLh,0,1,0,1,0.,0.,0,19
https://app.ramify.fr/invest/onboarding/bfa3e297-f586-4565-9e1d-d5aff85639a6/connaissance-client/professionelle,0,1,0,1,0.,0.,0,97
https://app.ramify.fr/invest/onboarding/791bbdc2-0038-4c99-981a-35af65db7523/recapitulatif,0,1,0,1,0.,0.,0,18
https://app.ramify.fr/invest/onboarding/acca6277-3f0f-4471-83e1-5e72299b2e56/projet,0,1,0,1,0.,0.,0,29
https://app.ramify.fr/valider-email/eyJhbGciOiJIUzI1NiIsInR5cCI6IkpXVCJ9.eyJlbWFpbCI6InN0ZXBoYW5lLmRvdWVzbmFyZEBmcmVlLmZyIiwic3ViIjoiM2IwYmRiZDMtYjVlNC00ZTIwLWIyOTUtNmE0NjE0OTYyNGEyIiwibWZhVmFsaWQiOmZhbHNlLCJzb3VyY2UiOiJWQUxJREFURV9FTUFJTCIsImlhdCI6MTc2OTAwOTcyOSwiZXhwIjoxNzY5MDk2MTI5fQ.FDTDXV-lB39knls4WzIq6d2odONm_IIIwNF0tTm610M/invest,0,1,0,1,0.,0.,0,17
https://app.ramify.fr/cash/dashboard,0,1,0,1,0.,0.,0,0
https://www.ramify.fr/produits/xfund-b2c,0,4,0,4,0.,0.,0,66
https://app.ramify.fr/invest/onboarding/791bbdc2-0038-4c99-981a-35af65db7523/reglementaire/documents,0,1,0,1,0.,0.,0,49
https://www.ramify.fr/gestion-de-patrimoine/proprietaire-vs-locataire-1,0,1,0,1,0.,0.,0,34
https://app.ramify.fr/crypto/dashboard,0,1,0,1,0.,0.,0,5
https://app.ramify.fr/invest/onboarding/27fc2634-3ddb-44cd-93d4-8b807c3c5ada/portefeuille/risque,0,1,0,1,0.,0.,0,17
https://app.ramify.fr/immobilier/recXVAaUzGQ7dCVrg,0,1,0,1,0.,0.,0,30
https://app.ramify.fr/valider-email/eyJhbGciOiJIUzI1NiIsInR5cCI6IkpXVCJ9.eyJlbWFpbCI6InNzYWFtYkBnbWFpbC5jb20iLCJzdWIiOiJlMjViNjI5YS01NTRiLTRjZGMtOTg1OC1iMWRiMDJmMzE2YzAiLCJtZmFWYWxpZCI6ZmFsc2UsInNvdXJjZSI6IlZBTElEQVRFX0VNQUlMIiwiaWF0IjoxNzY4ODU4OTg2LCJleHAiOjE3Njg5NDUzODZ9.EQA6WwqbGs_sVmQkEosYTO0R5dx9QPkDXCu6INdgss4,0,1,0,1,0.,0.,0,10
https://app.ramify.fr/immobilier/catalogue/recaPgPt524Z5lTVm,0,1,0,1,0.,0.,0,28
https://app.ramify.fr/invest/onboarding/d978d213-f63d-4ffc-97ee-50013a2efe1b/connaissance-client/foyerFiscal,0,1,0,1,0.,0.,0,42
https://app.ramify.fr/invest/onboarding/b795b4f3-ca2e-492f-9b73-a5e0d6bf7c9b/connaissance-client/etatCivil,0,1,0,1,0.,0.,0,19
https://app.ramify.fr/private-equity/catalogue/recu9addmdaNOdzRX,0,1,0,1,0.,0.,0,11
https://app.ramify.fr/invest/onboarding/d978d213-f63d-4ffc-97ee-50013a2efe1b/connaissance-client/patrimoine,0,1,0,1,0.,0.,0,81
https://app.ramify.fr/invest/onboarding/bfa3e297-f586-4565-9e1d-d5aff85639a6/portefeuille/recapitulatif,0,1,0,2,0.,0.,0,52
https://app.ramify.fr/invest/onboarding/8e90710a-da4a-46b4-a97e-ca5dfdb8cb99,0,1,0,1,0.,0.,0,11
https://app.ramify.fr/valider-email/eyJhbGciOiJIUzI1NiIsInR5cCI6IkpXVCJ9.eyJlbWFpbCI6ImRiYXJiYXphMzJAZ21haWwuY29tIiwic3ViIjoiNGE2ZDA2NTYtNTFjNC00MzYxLTk2Y2MtZjBkYzkwZjE0NzAwIiwibWZhVmFsaWQiOmZhbHNlLCJzb3VyY2UiOiJWQUxJREFURV9FTUFJTCIsImlhdCI6MTc2Nzg1NDA1NywiZXhwIjoxNzY3OTQwNDU3fQ.U7PUOZMlJAotuLuGCibRw0QIOHwIsi5QrBbu45dYJBs,0,1,0,1,0.,0.,0,16
https://app.ramify.fr/invest/onboarding/fad397c4-7c5f-4713-9b7a-4e8a5366548a/connaissance-client,0,1,0,3,0.,0.,0,4
https://app.ramify.fr/immobilier/recd22bMi15wSg9kg,0,1,0,1,0.,0.,0,817
https://app.ramify.fr/invest/onboarding/8ff73e20-8dfb-462b-aa4b-481fb581c0dd/portefeuille/style,0,1,0,1,0.,0.,0,19
https://app.ramify.fr/previsualisation/crowdfunding/6575555d-a935-4fb5-88cf-3c4d57204009,0,1,0,1,0.,0.,0,13
https://app.ramify.fr/crypto/onboarding/verification/,0,1,0,2,0.,0.,0,17
https://app.ramify.fr/invest/onboarding/791bbdc2-0038-4c99-981a-35af65db7523/signature/bancaire,0,1,0,1,0.,0.,0,167
https://app.ramify.fr/invest/onboarding/9b0e1b7d-a55f-4f75-a262-297a03b2485a/portefeuille/recapitulatif,0,1,0,1,0.,0.,0,43
https://app.ramify.fr/private-equity/onboarding/9d232e58-b771-4a4f-8c5c-799db48c78da/connaissance-client,0,1,0,2,0.,0.,0,1
https://app.ramify.fr/immobilier/simulation/3f222d56-1dca-4dac-bc72-4ee1f6547216,0,1,0,1,0.,0.,0,80
https://app.ramify.fr/invest/onboarding/b8c6bde5-b120-4214-a90d-8f720cd6fcff/portefeuille/style,0,1,0,2,0.,0.,0,7
https://app.ramify.fr/invest/onboarding/d978d213-f63d-4ffc-97ee-50013a2efe1b/connaissance-client/coordonnees,0,1,0,1,0.,0.,0,8
https://app.ramify.fr/invest/onboarding/acca6277-3f0f-4471-83e1-5e72299b2e56/signature/beneficiaires,0,1,0,1,0.,0.,0,0
https://app.ramify.fr/transfer-method-per/onboarding/connection,0,1,0,2,0.,0.,0,135
https://app.ramify.fr/private-equity/catalogue/rec9Kda36k5d0II9D,0,1,0,1,0.,0.,0,42
https://app.ramify.fr/invest/onboarding/d978d213-f63d-4ffc-97ee-50013a2efe1b/connaissance-client/justificatif/domicile,0,1,0,2,0.,0.,0,16
https://app.ramify.fr/immobilier/catalogue/recBjQ2zy5a4BgIZP,0,1,0,1,0.,0.,0,21
https://app.ramify.fr/invest/onboarding/bfa3e297-f586-4565-9e1d-d5aff85639a6/portefeuille/type,0,1,0,2,0.,0.,0,16
https://app.ramify.fr/private-equity/catalogue/recZC0VGgXzRxgz4F,0,1,0,1,0.,0.,0,10
https://app.ramify.fr/invest/onboarding/27fc2634-3ddb-44cd-93d4-8b807c3c5ada/portefeuille/recapitulatif,0,1,0,1,0.,0.,0,48
https://app.ramify.fr/valider-email/eyJhbGciOiJIUzI1NiIsInR5cCI6IkpXVCJ9.eyJlbWFpbCI6Im9iamVjdGl2ZWZyQGhvdG1haWwuZnIiLCJzdWIiOiIwYmM0NDJkNS1kYmEzLTRmZTQtOWMzNy1lYmQ0MmYwYjQ4MzUiLCJtZmFWYWxpZCI6ZmFsc2UsInNvdXJjZSI6IlZBTElEQVRFX0VNQUlMIiwiaWF0IjoxNzY4NjA2NDY0LCJleHAiOjE3Njg2OTI4NjR9.fZK2rjB9Z3MjaQVFpGVs0tb9Wv6Ftzsp2JyREoa5rHA,0,1,0,1,0.,0.,0,123
https://app.ramify.fr/invest/onboarding/b8c6bde5-b120-4214-a90d-8f720cd6fcff/portefeuille/type,0,1,0,1,0.,0.,0,15
https://app.ramify.fr/invest/onboarding/27fc2634-3ddb-44cd-93d4-8b807c3c5ada/portefeuille/securisation,0,1,0,2,0.,0.,0,14
https://app.ramify.fr/immobilier/catalogue/recnPX578pqiBVwTi,0,1,0,2,0.,0.,0,26
https://app.ramify.fr/invest/onboarding/ea6c84bb-2352-4c5e-bc96-d2dd499cf692/connaissance-client/etatCivil,0,1,0,1,0.,0.,0,26
https://app.ramify.fr/invest/onboarding/9dc5f90f-c3f3-4a41-b63a-0001a80b53ae/portefeuille/securisation,0,1,0,2,0.,0.,0,18
https://app.ramify.fr/previsualisation/invest/285d1b99-217f-4aa3-8e0e-57bbbe7042cb,0,1,0,1,0.,0.,0,0
https://app.ramify.fr/invest/onboarding/bfa3e297-f586-4565-9e1d-d5aff85639a6/connaissance-client/etatCivil,0,1,0,1,0.,0.,0,396
https://app.ramify.fr/invest/onboarding/fad397c4-7c5f-4713-9b7a-4e8a5366548a/portefeuille,0,1,0,2,0.,0.,0,6
https://app.ramify.fr/crypto/onboarding/connaissance-client/patrimoine,0,1,0,1,0.,0.,0,220
https://app.ramify.fr/crypto/onboarding/connaissance-client/justificatif/domicile,0,1,0,3,0.,0.,0,73
https://app.ramify.fr/invest/onboarding/b795b4f3-ca2e-492f-9b73-a5e0d6bf7c9b/portefeuille/type,0,1,0,1,0.,0.,0,39
https://app.ramify.fr/immobilier/catalogue/recFYrIs7Tm2k2MAO,0,1,0,1,0.,0.,0,7
https://app.ramify.fr/invest/onboarding/791bbdc2-0038-4c99-981a-35af65db7523/connaissance-client/justificatif/identite,0,1,0,1,0.,0.,0,53
https://app.ramify.fr/immobilier/recct1pquOUIqauLh,0,2,0,3,0.,0.,0,92
https://app.ramify.fr/valider-email/eyJhbGciOiJIUzI1NiIsInR5cCI6IkpXVCJ9.eyJlbWFpbCI6ImNlY2lsZS5lY0Bob3RtYWlsLmZyIiwic3ViIjoiNDk1YjhjYmMtOThhOS00MTI0LTlkMTAtYmI1MjRiNTRiYTgzIiwibWZhVmFsaWQiOmZhbHNlLCJzb3VyY2UiOiJWQUxJREFURV9FTUFJTCIsImlhdCI6MTc2ODYyOTg5OCwiZXhwIjoxNzY4NzE2Mjk4fQ.3C-WIeJ_giZc17kl4nnn9PsfGNz6tN1pApVw4eqnFm4/invest,0,1,0,1,0.,0.,0,11
https://app.ramify.fr/invest/onboarding/acca6277-3f0f-4471-83e1-5e72299b2e56/portefeuille/recapitulatif,0,1,0,2,0.,0.,0,54
https://www.ramify.fr/avis/fcpr-anaxago-society-2023,0,0,0,0,0.,0.,0,0
https://app.ramify.fr/invest/onboarding/acca6277-3f0f-4471-83e1-5e72299b2e56/portefeuille/style,0,1,0,1,0.,0.,0,13
https://app.ramify.fr/invest/onboarding/acca6277-3f0f-4471-83e1-5e72299b2e56/connaissance-client/justificatif/identite,0,1,0,1,0.,0.,0,152
https://app.ramify.fr/immobilier/catalogue/recza4awju1HEUef3,0,3,0,3,0.,0.,0,30
https://app.ramify.fr/invest/onboarding/acca6277-3f0f-4471-83e1-5e72299b2e56/portefeuille,0,1,0,1,0.,0.,0,3
https://app.ramify.fr/immobilier/catalogue/recpAOOtkdmKlnn10,0,1,0,1,0.,0.,0,16
https://app.ramify.fr/invest/onboarding/acca6277-3f0f-4471-83e1-5e72299b2e56/recapitulatif,0,1,0,1,0.,0.,0,20
https://app.ramify.fr/immobilier/catalogue/rec60e1eXfdhdntfG,0,1,0,1,0.,0.,0,12
https://app.ramify.fr/crypto/onboarding/verification/agreement,0,1,0,1,0.,0.,0,21
https://app.ramify.fr/invest/onboarding/9b0e1b7d-a55f-4f75-a262-297a03b2485a/connaissance-client/etatCivil,0,1,0,1,0.,0.,0,0
https://app.ramify.fr/immobilier/catalogue/recuBXAU5hYzv2k3S,0,1,0,1,0.,0.,0,78
https://app.ramify.fr/valider-email/eyJhbGciOiJIUzI1NiIsInR5cCI6IkpXVCJ9.eyJlbWFpbCI6ImNlY2lsZS5lY0Bob3RtYWlsLmZyIiwic3ViIjoiNDk1YjhjYmMtOThhOS00MTI0LTlkMTAtYmI1MjRiNTRiYTgzIiwibWZhVmFsaWQiOmZhbHNlLCJzb3VyY2UiOiJWQUxJREFURV9FTUFJTCIsImlhdCI6MTc2ODYyOTg5OCwiZXhwIjoxNzY4NzE2Mjk4fQ.3C-WIeJ_giZc17kl4nnn9PsfGNz6tN1pApVw4eqnFm4,0,1,0,1,0.,0.,0,17
https://www.ramify.fr/crypto/stablecoins,0,1,0,1,0.,0.,0,0
https://app.ramify.fr/invest/onboarding/bfa3e297-f586-4565-9e1d-d5aff85639a6/portefeuille/risque,0,1,0,1,0.,0.,0,28
https://app.ramify.fr/invest/onboarding/25a28542-82df-4558-bb27-16ddd122d3bc/portefeuille/style,0,1,0,1,0.,0.,0,4
https://app.ramify.fr/invest/onboarding/c6c7b43c-0010-4f55-9049-255545eafdd0/portefeuille/risque,0,1,0,1,0.,0.,0,22
https://app.ramify.fr/crowdfunding/dashboard,0,1,0,1,0.,0.,0,5
https://app.ramify.fr/invest/onboarding/25a28542-82df-4558-bb27-16ddd122d3bc/portefeuille/securisation,0,1,0,1,0.,0.,0,26
https://app.ramify.fr/invest/onboarding/8ff73e20-8dfb-462b-aa4b-481fb581c0dd/connaissance-client,0,1,0,1,0.,0.,0,8
https://app.ramify.fr/private-equity/simulation/2c23a4ea-f647-471d-a217-b85c6a75d640,0,1,0,1,0.,0.,0,63
https://app.ramify.fr/invest/onboarding/e6686d8c-398b-4c9f-abae-0a78dc1d3563/portefeuille,0,1,0,2,0.,0.,0,23
https://app.ramify.fr/invest/onboarding/9b0e1b7d-a55f-4f75-a262-297a03b2485a/connaissance-client,0,1,0,1,0.,0.,0,5
https://app.ramify.fr/invest/onboarding/791bbdc2-0038-4c99-981a-35af65db7523/connaissance-client/professionelle,0,1,0,1,0.,0.,0,28
https://app.ramify.fr/invest/onboarding/9b0e1b7d-a55f-4f75-a262-297a03b2485a/portefeuille/securisation,0,1,0,1,0.,0.,0,13
https://app.ramify.fr/invest/onboarding/2388665a-32fa-4bad-936b-4c8379f1c854/portefeuille/risque,0,1,0,1,0.,0.,0,17
https://www.ramify.fr/epargne/trois-types-de-depenses-un-seul-peut-enrichir,0,0,0,0,0.,0.,0,0
https://app.ramify.fr/immobilier/onboarding/f0becea1-2860-453c-991b-b0095e5124c4/connaissance-client,0,1,0,1,0.,0.,0,4
https://app.ramify.fr/invest/onboarding/791bbdc2-0038-4c99-981a-35af65db7523/connaissance-client/justificatif,0,1,0,4,0.,0.,0,13
https://app.ramify.fr/invest/onboarding/9dc5f90f-c3f3-4a41-b63a-0001a80b53ae/portefeuille/style,0,1,0,2,0.,0.,0,6
https://www.ramify.fr/private-equity/eurazeo-entrepreneurs-club-iii,0,1,0,1,0.,0.,0,5
https://app.ramify.fr/invest/onboarding/8ff73e20-8dfb-462b-aa4b-481fb581c0dd/portefeuille/securisation,0,1,0,1,0.,0.,0,13
https://app.ramify.fr/invest/onboarding/ea6c84bb-2352-4c5e-bc96-d2dd499cf692/connaissance-client,0,1,0,1,0.,0.,0,4
https://app.ramify.fr/immobilier/catalogue/recvcJIZCJhiIc15S,0,1,0,2,0.,0.,0,25
https://www.ramify.fr/epargne/per-pea-assurance-vie,0,1,0,1,0.,0.,0,0
https://app.ramify.fr/invest/dashboard/95bb61bb-168a-4d3b-9570-b7556d07ae39,0,1,0,1,0.,0.,0,31
https://app.ramify.fr/immobilier/catalogue/recsGtI0z8FHtw1bu,0,1,0,1,0.,0.,0,9
https://app.ramify.fr/crypto/onboarding/connaissance-client/etatCivil,0,1,0,1,0.,0.,0,60
https://app.ramify.fr/valider-email/eyJhbGciOiJIUzI1NiIsInR5cCI6IkpXVCJ9.eyJlbWFpbCI6ImNhbWlsbGUuaHV2ZXJAd2FuYWRvby5mciIsInN1YiI6Ijc1OWRlNWZiLWM1ZjMtNDYyMy05MTMxLWZlNjk2NTU5ZGY2OSIsIm1mYVZhbGlkIjpmYWxzZSwic291cmNlIjoiVkFMSURBVEVfRU1BSUwiLCJpYXQiOjE3NjgxNDMyMDksImV4cCI6MTc2ODIyOTYwOX0.sB63Mu4on4iWOGvinQkiqx-VnXQOv5jd3RIoJGUdDqM,0,1,0,1,0.,0.,0,17
