Page,Visitors,Views,Bounce rate,Time on page
https://www.ramify.fr/pea/etf,3323,4154,0.79337401918,107
https://www.ramify.fr/epargne/epargne-moyenne-des-francais,2399,2694,0.880922950144,72
https://www.ramify.fr/bourse/meilleur-etf,2150,3335,0.698267564966,74
https://www.ramify.fr/epargne/livret-a-plafond,1897,2060,0.889121338912,95
https://www.ramify.fr/pea/retrait,1879,2122,0.882776349614,84
https://www.ramify.fr/crypto/meilleure-plateforme,1803,2075,0.861259338314,89
https://www.ramify.fr/gestion-de-patrimoine/flat-tax,1380,1566,0.889908256881,79
https://www.ramify.fr/epargne/investir-100000-euros,1325,1524,0.879411764706,106
https://www.ramify.fr/epargne/compte-a-terme,1250,1391,0.844134536505,95
https://www.ramify.fr/epargne/combien-avoir-de-cote-a-50-ans,1115,1184,0.918222222222,107
https://www.ramify.fr/assurance-vie/perte-argent,1034,1101,0.892720306513,91
https://www.ramify.fr/performances,999,1268,0.183701657459,19
https://www.ramify.fr/outils/simulateur-droit-succession,900,1267,0.761437908497,67
https://www.ramify.fr/assurance-vie/retrait-assurance-vie-8-ans,860,1030,0.850279329609,74
https://www.ramify.fr/outils/calculatrice-interet-compose,770,911,0.795543905636,88
https://www.ramify.fr/gestion-de-patrimoine/meilleur-placement-senior,742,811,0.862849533955,113
https://www.ramify.fr/gestion-de-patrimoine/meilleurs-cabinets,669,748,0.834821428571,120
https://www.ramify.fr/pea/succession,632,744,0.805766312595,136
https://www.ramify.fr/gestion-de-patrimoine/donation-100000-euros,629,711,0.859375,115
https://www.ramify.fr/offres,628,847,0.0409836065574,30
https://www.ramify.fr/bourse/msci-world,582,677,0.854895104895,86
https://www.ramify.fr/pea/frais,561,603,0.866900175131,59
https://www.ramify.fr/bourse/sp-500,531,639,0.815985130112,75
https://www.ramify.fr/epargne/plafond-atteint-pel,519,578,0.867172675522,107
https://www.ramify.fr/bourse/etf-sp-500,504,590,0.786427145709,81
https://www.ramify.fr/gestion-de-patrimoine/meilleures-banques-privees,494,543,0.860557768924,78
https://www.ramify.fr/epargne/que-faire-quand-mon-ldds-est-plein,491,529,0.850311850312,77
https://www.ramify.fr/epargne/combien-rapportent-1-million-euros-places,467,533,0.878661087866,103
https://www.ramify.fr/contact,454,571,0.0842105263158,54
https://www.ramify.fr/produits-structures/meilleurs,425,475,0.830275229358,73
https://www.ramify.fr/pea/plafond,390,422,0.881748071979,103
https://www.ramify.fr/offres/ramify-black,355,391,0.143540669856,38
https://www.ramify.fr/epargne/combien-avoir-de-cote-40-ans,354,383,0.878612716763,108
https://www.ramify.fr/epargne/combien-avoir-de-cote-a-30-ans,324,359,0.90625,76
https://www.ramify.fr/private-equity/meilleurs-fonds,319,407,0.75,71
https://www.ramify.fr/crypto/etf-bitcoin,317,408,0.777089783282,106
https://www.ramify.fr/gestion-de-patrimoine/meilleurs-fonds-monetaires,281,318,0.842857142857,112
https://www.ramify.fr/pea/perte,279,312,0.877192982456,55
https://www.ramify.fr/epargne/interessement-participation,272,293,0.939285714286,38
https://www.ramify.fr/gestion-de-patrimoine/credit-lombard,268,294,0.830188679245,123
https://www.ramify.fr/portefeuilles/elite,268,371,0.0878378378378,22
https://www.ramify.fr/assurance-vie/etf,245,368,0.615384615385,84
https://www.ramify.fr/private-equity/apport-cession-150-0-b-ter,244,261,0.877952755906,77
https://www.ramify.fr/gestion-de-patrimoine/banque-privee,243,289,0.812765957447,61
https://www.ramify.fr/epargne/plafond-cel-atteint,236,256,0.875536480687,57
https://www.ramify.fr/per/perte-capital,216,228,0.73023255814,50
https://www.ramify.fr/pea/gestion-pilotee,214,252,0.697674418605,137
https://www.ramify.fr/bourse/etf-ou-opcvm,213,231,0.838235294118,80
https://www.ramify.fr/private-equity/meilleurs-fonds-evergreen,209,274,0.688995215311,105
https://www.ramify.fr/epargne/combien-rapportent-500-000-euros-places,207,235,0.867924528302,93
https://www.ramify.fr/portefeuilles/essential,207,270,0.0545454545455,26
https://www.ramify.fr/crypto/fiscalite,205,228,0.837320574163,96
https://www.ramify.fr/avis/scpi-primopierre,188,202,0.897959183673,62
https://www.ramify.fr/pea/transfert,174,194,0.821428571429,96
https://www.ramify.fr/pea,170,202,0.303278688525,67
https://www.ramify.fr/gestion-de-patrimoine/taux-marginal-imposition,168,214,0.777777777778,96
https://www.ramify.fr/gestion-de-patrimoine/family-office,166,186,0.842105263158,100
https://www.ramify.fr/portefeuilles/flagship,158,214,0.0298507462687,32
https://www.ramify.fr/pea/meilleur,157,178,0.784615384615,79
https://www.ramify.fr/private-equity/meilleurs-fcpr,150,167,0.790697674419,151
https://www.ramify.fr/bourse/etf-pea-assurance-vie,142,149,0.829787234043,171
https://www.ramify.fr/bourse/cac-40,140,149,0.830882352941,76
https://www.ramify.fr/assurance-vie/frais,138,159,0.623853211009,115
https://www.ramify.fr/per/plafond,134,157,0.868852459016,88
https://www.ramify.fr/bourse/etf-monde,127,155,0.72641509434,113
https://www.ramify.fr/assurance-vie/meilleure,127,151,0.551282051282,151
https://www.ramify.fr/epargne/combien-rapportent-50000-euros-places,127,155,0.833333333333,88
https://www.ramify.fr/epargne/per-ou-pea,125,145,0.796875,127
https://www.ramify.fr/gestion-de-patrimoine/placement-court-terme,123,132,0.826923076923,69
https://www.ramify.fr/avis/fcpr-eurazeo-private-value-europe-3,122,144,0.8125,70
https://www.ramify.fr/assurance-vie/transfert,120,128,0.877192982456,67
https://www.ramify.fr/epargne/combien-avoir-de-cote-a-60-ans,118,123,0.913461538462,124
https://www.ramify.fr/gestion-de-patrimoine/meilleur-fonds-alternatif,116,128,0.794871794872,88
https://www.ramify.fr/private-equity/fiscalite,115,130,0.796116504854,90
https://www.ramify.fr/avis,113,140,0.406593406593,110
https://www.ramify.fr/private-equity/guide-private-debt,112,136,0.794392523364,108
https://www.ramify.fr/fiscalite,112,127,0.0833333333333,21
https://www.ramify.fr/epargne/taux-livret-a,111,119,0.84693877551,68
https://www.ramify.fr/epargne/taux-ldds,108,117,0.880733944954,73
https://www.ramify.fr/gestion-de-patrimoine/fonds-monetaire,105,114,0.821782178218,119
https://www.ramify.fr/academy,104,137,0.156862745098,23
https://www.ramify.fr/merci,100,106,0.,37
https://www.ramify.fr/private-equity/eltif,100,108,0.838383838384,93
https://www.ramify.fr/finance-quantitative,99,121,0.829787234043,100
https://www.ramify.fr/livre-blanc,97,120,0.106382978723,93
https://www.ramify.fr/bourse/quand-investir,96,104,0.804597701149,83
https://www.ramify.fr/gestion-de-patrimoine/placer-argent-rapporte-mensuellement,93,93,0.863636363636,94
https://www.ramify.fr/private-equity/meilleurs-fpci,92,100,0.75,103
https://www.ramify.fr/epargne/assurance-vie-ou-livret-a,91,110,0.934210526316,97
https://www.ramify.fr/pea/fiscalite,88,104,0.771084337349,91
https://www.ramify.fr/assurance-vie,88,101,0.238095238095,93
https://www.ramify.fr/gestion-de-patrimoine/cash-out,85,97,0.886363636364,178
https://www.ramify.fr/private-equity,83,98,0.5,88
https://www.ramify.fr/private-equity/marche,82,94,0.756097560976,105
https://www.ramify.fr/assurance-vie/meilleures-luxembourgeoises,82,105,0.507042253521,113
https://www.ramify.fr/per/frais,79,88,0.680555555556,82
https://www.ramify.fr/epargne/placement-rentable,78,98,0.666666666667,79
https://www.ramify.fr/epargne/diversifier,75,84,0.705882352941,84
https://www.ramify.fr/per/meilleur,73,80,0.458333333333,101
https://www.ramify.fr/crypto/etf-ethereum,72,95,0.835820895522,91
https://www.ramify.fr/defiscalisation/reduction-ifi,68,76,0.897058823529,99
https://www.ramify.fr/gestion-de-patrimoine/fiscalite-expatrie,67,91,0.907692307692,77
https://www.ramify.fr/legal/contact,63,78,0.025641025641,32
https://www.ramify.fr/ironman,62,71,0.75,40
https://www.ramify.fr/avis/fpci-altaroc-odyssey-2025,60,79,0.661016949153,77
https://www.ramify.fr/private-equity/fonds-evergreen,60,76,0.777777777778,88
https://www.ramify.fr/gestion-de-patrimoine/meilleurs-placements-financiers,60,66,0.77358490566,31
https://www.ramify.fr/gestion-de-patrimoine/investir-art,59,63,0.758620689655,68
https://www.ramify.fr/avis/fips-x-fund,59,82,0.612903225806,46
https://www.ramify.fr/assurance-vie/rendement,59,67,0.75,112
https://www.ramify.fr/pea/jeune,58,66,0.833333333333,75
https://www.ramify.fr/gestion-de-patrimoine/banque-privee-en-ligne,57,64,0.734693877551,128
https://www.ramify.fr/avis/scpi-iroko-zen,56,57,0.708333333333,94
https://www.ramify.fr/epargne/alternatives-livret-a,55,66,0.583333333333,84
https://www.ramify.fr/epargne/fonds-euros,53,65,0.548387096774,96
https://www.ramify.fr/per,51,65,0.448275862069,70
https://www.ramify.fr/avis/tikehau-european-private-credit,51,75,0.714285714286,66
https://www.ramify.fr/private-equity/venture-capital,50,52,0.903846153846,78
https://www.ramify.fr//offres,50,56,0.,22
https://www.ramify.fr/private-equity/infrastructure,50,56,0.738095238095,102
https://www.ramify.fr/blog/levee-serie-a,49,53,0.488372093023,60
https://www.ramify.fr/etf,49,60,0.571428571429,80
https://www.ramify.fr/avis/scpi-vendome-regions,48,54,0.734693877551,40
https://www.ramify.fr/wealth-tour,48,67,0.533333333333,70
https://www.ramify.fr/private-equity/fcpi,48,53,0.818181818182,112
https://www.ramify.fr/gestion-de-patrimoine/fonds-investissement-alternatif,47,51,0.914893617021,103
https://www.ramify.fr/academy/articles,46,68,0.,21
https://www.ramify.fr/academy/webinars-podcasts,46,48,0.352941176471,45
https://www.ramify.fr/avis/scpi-pierval-sante,46,50,0.936170212766,61
https://www.ramify.fr/gestion-de-patrimoine/club-deal-immobilier,46,56,0.63829787234,80
https://www.ramify.fr/assurance-vie/enfant-mineur,45,50,0.439024390244,93
https://www.ramify.fr/campagnes/private-equity,45,62,0.333333333333,44
https://www.ramify.fr/scpi/succession,44,50,0.886363636364,205
https://www.ramify.fr/defiscalisation/niche-fiscale,44,54,0.863636363636,73
https://www.ramify.fr/assurance-vie/gestion-libre-ou-pilotee,44,62,0.294117647059,126
https://www.ramify.fr/epargne/compte-titres,44,49,0.533333333333,79
https://www.ramify.fr/crypto/comment-investir,44,53,0.785714285714,165
https://www.ramify.fr/private-equity/fpci,43,54,0.794871794872,75
https://www.ramify.fr/private-equity/leveraged-buy-out,42,53,0.829268292683,50
https://www.ramify.fr/newsletter,41,66,0.36,22
https://www.ramify.fr/crypto/stablecoins,41,51,0.775,69
https://www.ramify.fr/espace-presse,41,49,0.166666666667,50
https://www.ramify.fr/assurance-vie/luxembourgeoise,39,52,0.380952380952,114
https://www.ramify.fr/gestion-de-patrimoine/investissement-vert,39,47,0.8,97
https://www.ramify.fr/epargne/enveloppe-fiscale,39,44,0.789473684211,108
https://www.ramify.fr/assurance-vie/fiscalite,38,50,0.583333333333,181
https://www.ramify.fr/avis/scpi-transitions-europe,38,38,0.815789473684,67
https://www.ramify.fr/gestion-de-patrimoine/placer-heritage,37,38,0.868421052632,184
https://www.ramify.fr/per/gestion-pilotee,37,40,0.37037037037,114
https://www.ramify.fr/defiscalisation/loi-girardin,37,38,0.941176470588,89
https://www.ramify.fr/private-equity/re-up,36,42,0.694444444444,118
https://www.ramify.fr/assurance-vie/luxembourgeoise-choisir,36,39,0.586206896552,124
https://www.ramify.fr/scpi/rscpi-performances,35,39,0.333333333333,31
https://www.ramify.fr/produits-structures,35,41,0.,81
https://www.ramify.fr/epargne/unite-de-compte,33,36,0.862068965517,97
https://www.ramify.fr/epargne/contrat-capitalisation,32,43,0.666666666667,163
https://www.ramify.fr/avis/fpci-wenova-transition,32,46,0.516129032258,121
https://www.ramify.fr/scpi/fiscalite-des-scpi-internationales,31,39,0.657142857143,105
https://www.ramify.fr/gestion-de-patrimoine/meilleures-plateformes,31,34,0.666666666667,82
https://www.ramify.fr/scpi/sortir-d-un-investissement-en-scpi,31,34,0.857142857143,46
https://www.ramify.fr/avis/scpi-immorente,31,37,0.71875,56
https://www.ramify.fr/gestion-de-patrimoine/placement-tresorerie-entreprise,30,43,0.606060606061,140
https://www.ramify.fr/epargne/livret-bancaire,30,32,0.75,108
https://www.ramify.fr/legal/mentions,30,33,0.,84
https://www.ramify.fr/avis/fps-tikehau-private-assets,30,31,0.833333333333,28
https://www.ramify.fr/episod,29,36,0.774193548387,91
https://www.ramify.fr/crypto,29,32,0.363636363636,179
https://www.ramify.fr/assurance-vie/succession,29,31,0.571428571429,188
https://www.ramify.fr/avis/fcpr-entrepreneurs-selection-secondaire-2,29,35,0.814814814815,117
https://www.ramify.fr/gestion-de-patrimoine/montage-holding,28,37,0.75,105
https://www.ramify.fr/epargne/ldds,28,30,0.923076923077,46
https://www.ramify.fr/per/private-equity,28,29,0.862068965517,92
https://www.ramify.fr/per/fiscalite,28,34,0.642857142857,99
https://www.ramify.fr/scpi/fiscalite,27,27,0.896551724138,113
https://www.ramify.fr/private-equity/meilleurs-fcpi,27,27,0.941176470588,32
https://www.ramify.fr/epargne/alternatives-ldds,26,28,1.,120
https://www.ramify.fr/defiscalisation,26,36,0.375,94
https://www.ramify.fr/private-equity/fcpr,26,27,0.909090909091,57
https://www.ramify.fr/per/transfert,26,37,0.583333333333,54
https://www.ramify.fr/avis/scpi-rivoli-avenir-patrimoine,25,33,0.76,94
https://www.ramify.fr/avis/scpi-corum-origin,25,28,0.72,95
https://www.ramify.fr/private-equity/fonds-semi-liquide,25,27,0.826086956522,24
https://www.ramify.fr/scpi,24,24,0.166666666667,116
https://www.ramify.fr/scpi/meilleures,24,39,0.307692307692,93
https://www.ramify.fr/scpi/demembrement-pleine-propriete,24,24,0.909090909091,56
https://www.ramify.fr/bourse/ou-va-mon-argent-quand-jinvestis-en-bourse,24,26,0.739130434783,99
https://www.ramify.fr/defiscalisation/plf-loi-finances,24,25,0.95652173913,28
https://www.ramify.fr/portefeuilles/green,23,27,0.35,43
https://www.ramify.fr/pea/choisir,23,26,0.666666666667,170
https://www.ramify.fr/avis/fcpr-eurazeo-entrepreneurs-club-3,22,31,0.5,63
https://www.ramify.fr/private-equity/fcpr-private-value-3,22,31,0.444444444444,66
https://www.ramify.fr/avis/scpi-cristal-life,21,26,0.772727272727,44
https://www.ramify.fr/epargne/compte-titres-ou-assurance-vie,21,23,0.764705882353,81
https://www.ramify.fr/bourse/obligations-bilan-2024-perspectives-2025,21,22,0.736842105263,48
https://www.ramify.fr/avis/scpi-epargne-pierre,21,26,0.785714285714,55
https://www.ramify.fr/per/deblocage-sortie,21,22,0.933333333333,67
https://www.ramify.fr/avis/fps-novaxia-one,21,22,0.95,32
https://www.ramify.fr/epargne/pea-ou-assurance-vie,20,23,0.454545454545,107
https://www.ramify.fr/avis/scpi-comete,20,22,0.625,44
https://www.ramify.fr/gestion-de-patrimoine/donation-cession,20,22,1.,173
https://www.ramify.fr/private-equity/assurance-vie-ou-direct,20,25,0.55,70
https://www.ramify.fr/avis/fips-partners-group-secondary-viii-strategy,20,27,0.529411764706,42
https://www.ramify.fr/crypto/ethereum,20,24,0.666666666667,91
https://www.ramify.fr/epargne/retraite-independant-tns,20,20,0.789473684211,79
https://www.ramify.fr/private-equity/secondaire,20,22,0.722222222222,180
https://www.ramify.fr/epargne/placements-sans-risque,20,25,0.533333333333,80
https://www.ramify.fr/avis/scpi-pfo,19,24,0.888888888889,49
https://www.ramify.fr/scpi/scpi-a-credit,19,29,0.526315789474,54
https://www.ramify.fr/gestion-de-patrimoine/investir-or,19,19,0.888888888889,142
https://www.ramify.fr/gestion-de-patrimoine/proprietaire-vs-locataire-3,19,20,0.894736842105,37
https://www.ramify.fr/avis/fps-opale-strategies-credits-tactiques,19,30,0.368421052632,127
https://www.ramify.fr/epargne/per-pea-assurance-vie,19,21,0.333333333333,54
https://www.ramify.fr/gestion-de-patrimoine/combiner-achat-residence-principale-et-investissement-locatif,19,19,1.,36
https://www.ramify.fr/private-equity/fonds-de-fonds,19,19,1.,102
https://www.ramify.fr/gestion-de-patrimoine/compte-titres-luxembourg-societe,19,19,0.9375,33
https://www.ramify.fr/gestion-de-patrimoine/placement-luxembourg,18,18,0.857142857143,122
https://www.ramify.fr/gestion-de-patrimoine/meilleurs-robo-advisors,18,20,0.285714285714,148
https://www.ramify.fr/scpi/frais,18,20,0.75,100
https://www.ramify.fr/epargne/trois-types-de-depenses-un-seul-peut-enrichir,18,20,0.833333333333,35
https://www.ramify.fr/livre-vert,18,25,0.0909090909091,68
https://www.ramify.fr/avis/fcpr-peqan-convictions-2023,17,19,0.714285714286,39
https://www.ramify.fr/assurance-vie/luxembourg-fiscalite,17,16,0.8125,117
https://www.ramify.fr/gestion-de-patrimoine/opcvm,17,22,0.727272727273,129
https://www.ramify.fr/avis/fcpr-multi-strategies-2,17,19,0.823529411765,88
https://www.ramify.fr/private-equity/growth,17,21,0.75,105
https://www.ramify.fr/gestion-de-patrimoine/plateforme,17,18,0.5,42
https://www.ramify.fr/scpi/assurance-vie-ou-direct,17,22,0.272727272727,59
https://www.ramify.fr/gestion-de-patrimoine/crowdfunding-ou-club-deal-immobilier,16,17,0.714285714286,82
https://www.ramify.fr/gestion-de-patrimoine/robo-advisor,16,17,0.733333333333,83
https://www.ramify.fr/avis/fcpi-eurazeo-ambition-europe-2025,16,21,0.8125,107
https://www.ramify.fr/gestion-de-patrimoine/bspce,16,18,0.9375,38
https://www.ramify.fr/epargne/pea-ou-compte-titres,16,16,0.928571428571,35
https://www.ramify.fr/finance-quantitative/calcul-performances-methodologie-ramify,16,16,0.375,35
https://www.ramify.fr/scpi/ramify-scpi-index-rscpi,16,22,0.583333333333,35
https://www.ramify.fr/bourse/comment-investir,16,20,0.818181818182,201
https://www.ramify.fr/gestion-de-patrimoine/exit-startup,16,20,0.933333333333,57
https://www.ramify.fr/avis/scpi-remake-live,15,16,0.416666666667,61
https://www.ramify.fr/comparatif/vs-banque-privee,15,18,0.444444444444,83
https://www.ramify.fr/academy/analyses,15,16,0.5,12
https://www.ramify.fr/epargne/gestion-horizon,15,18,0.733333333333,40
https://www.ramify.fr/avis/axclimat-1,15,19,0.714285714286,74
https://www.ramify.fr/per/choisir,14,15,0.6,123
https://www.ramify.fr/defiscalisation/pacte-dutreil,14,14,0.909090909091,117
https://www.ramify.fr/gestion-de-patrimoine/fonds-diversifie,14,16,0.8,56
https://www.ramify.fr/assurance-vie/unites-de-compte-ou-fonds-euros,14,14,0.75,111
https://www.ramify.fr/assurance-vie/ou-contrat-de-capitalisation,13,13,0.875,63
https://www.ramify.fr/gestion-de-patrimoine/donation,13,12,0.833333333333,127
https://www.ramify.fr/private-equity/performance-vs-fiscal,13,17,0.25,4
https://www.ramify.fr/avis/fpci-private-stars-selection-4,13,15,0.636363636364,27
https://www.ramify.fr/avis/slp-eurazeo-secondary-feeder-fund-v,13,18,0.571428571429,39
https://www.ramify.fr/avis/fip-kalliste-capital-17,13,13,0.916666666667,50
https://www.ramify.fr/avis/fps-keys-selection,12,18,0.692307692308,85
https://www.ramify.fr/gestion-de-patrimoine/crowdfunding-immobilier,12,11,0.6,89
https://www.ramify.fr/gestion-de-patrimoine/transmission,12,14,0.8,54
https://www.ramify.fr/gestion-de-patrimoine/ingenierie-patrimoniale,12,12,1.,102
https://www.ramify.fr/scpi/comment-choisir,12,16,0.636363636364,53
https://www.ramify.fr/assurance-vie/choisir,12,14,0.571428571429,47
https://www.ramify.fr/gestion-de-patrimoine/fiscalite-art,12,13,0.857142857143,83
https://www.ramify.fr/gestion-de-patrimoine/placement-tresorerie-holding,12,14,0.9,87
https://www.ramify.fr/epargne/comment-investir,11,12,0.4,139
https://www.ramify.fr/avis/fps-swen-exclusive-infrastructures-2,11,12,0.727272727273,30
https://www.ramify.fr/private-equity/fip,11,16,0.8,31
https://www.ramify.fr/scpi/pleine-propriete,11,16,0.636363636364,63
https://www.ramify.fr/bourse,10,15,0.,86
https://www.ramify.fr/avis/scpi-epargne-pierre-europe,10,14,0.777777777778,17
https://www.ramify.fr/scpi/nue-propriete,10,13,0.666666666667,157
https://www.ramify.fr/avis/scpi-sofidy-europe-invest,10,11,0.777777777778,35
https://www.ramify.fr/gestion-de-patrimoine/global-investment-perspectives-2026,10,18,0.333333333333,58
https://www.ramify.fr/private-equity/barometre,10,9,0.5,48
https://www.ramify.fr/avis/scpi-epsilon-360,10,10,0.8,45
https://www.ramify.fr/avis/scpi-coeur-europe,10,10,0.888888888889,133
https://www.ramify.fr/gestion-de-patrimoine/opci,9,9,1.,68
https://www.ramify.fr/gestion-de-patrimoine/alternatives-family-office,9,12,0.,49
https://www.ramify.fr/avis/fps-multifonds-archinvest-dette-privee-1,9,11,0.5,61
https://www.ramify.fr/private-equity/selection-fonds-private-equity,9,14,0.,36
https://www.ramify.fr/private-equity/rpei-performances,9,11,0.428571428571,60
https://www.ramify.fr/avis/slp-morgan-stanley-dette-privee-europe,9,13,0.,90
https://www.ramify.fr/private-equity/eurazeo-entrepreneurs-club-ii,8,8,1.,13
https://www.ramify.fr/avis/matis,8,7,0.5,368
https://www.ramify.fr/crypto/bitcoin,8,9,0.8,128
https://www.ramify.fr/gestion-de-patrimoine/contrat-capitalisation-luxembourgeois-personne-morale,8,13,0.666666666667,332
https://www.ramify.fr/avis/fpci-european-infragreen-strategy,8,11,0.625,15
https://www.ramify.fr/avis/scpi-mistral-selection,8,10,0.666666666667,68
https://www.ramify.fr/avis/scpi-sofidynamic,8,10,0.285714285714,87
https://www.ramify.fr/private-equity/multifonds-archinvest-lbo1,8,8,0.875,12
https://www.ramify.fr/avis/fpci-altaroc-odyssey-2024,7,9,0.833333333333,22
https://www.ramify.fr/avis/scpi-corum-usa,7,9,0.833333333333,66
https://www.ramify.fr/crypto/defi,7,7,0.75,248
https://www.ramify.fr/avis/fcpr-123-corporate-2024,7,6,0.833333333333,32
https://www.ramify.fr/avis/fpci-adelie-remploi-1,7,10,0.5,38
https://www.ramify.fr/avis/fps-global-private-debt-strategies,7,7,0.833333333333,23
https://www.ramify.fr/avis/scpi-novaxia-neo,7,8,0.833333333333,160
https://www.ramify.fr/avis/scpi-lf-opportunite-immo,6,9,0.6,23
https://www.ramify.fr/scpi/scpi-de-rendement,6,9,0.,99
https://www.ramify.fr/avis/scpi-edmond-de-rothschild-europa,6,6,1.,29
https://www.ramify.fr/scpi/ramify-scpi-index-rscpi-analyse-du-t3-2025,6,6,0.,48
https://www.ramify.fr/avis/scpi-darwin-re01,6,6,0.8,72
https://www.ramify.fr/avis/fcpr-anaxago-society-2023,6,5,0.571428571429,52
https://www.ramify.fr/avis/fps-pams-pe-carlyle-access-fund-2024,6,8,0.714285714286,35
https://www.ramify.fr/avis/fpci-entrepreneurs-croissance-5,6,9,0.4,39
https://www.ramify.fr/defiscalisation/baisser-revenu-fiscal-reference,5,5,1.,96
https://www.ramify.fr/avis/scpi-log-in,5,5,0.6,98
https://www.ramify.fr/finance-quantitative/ramify-rebalancing-tool-arbitrage-optimise-portefeuille,5,5,0.4,50
https://www.ramify.fr/private-equity/fcpr-bpifrance-entreprises-2,5,5,1.,15
https://www.ramify.fr/scpi/scpi-a-capital-variable-vs-capital-fixe,5,4,0.75,100
https://www.ramify.fr/gestion-de-patrimoine/proprietaire-vs-locataire-2,5,4,0.833333333333,61
https://www.ramify.fr/avis/scpi-elevation-tertiom,5,6,0.8,16
https://www.ramify.fr/campagne-ramify-black,4,4,0.5,20
https://www.ramify.fr/avis/scpi-upeka,4,4,1.,77
https://www.ramify.fr/avis/fia-multi-bl4,4,4,1.,51
https://www.ramify.fr/epargne/pourquoi-epargner,4,4,0.,9
https://www.ramify.fr/gestion-de-patrimoine/proprietaire-vs-locataire-1,4,4,1.,34
https://www.ramify.fr/avis/fcpi-dividendes-plus-n12,4,6,0.25,15
https://www.ramify.fr/gestion-de-patrimoine/contrat-capitalisation-personne-morale,4,6,0.5,276
https://www.ramify.fr/wealth-tour-2027,4,4,0.,4
https://www.ramify.fr/gestion-de-patrimoine/pret-immobilier-sans-apport,4,4,1.,73
https://www.ramify.fr/gestion-de-patrimoine/scpi-ou-investissement-locatif,3,5,0.5,61
https://www.ramify.fr/espace-presse/ramify-ironman-france-nice,3,3,0.,5
https://www.ramify.fr/gestion-de-patrimoine/performances-2024,3,3,0.666666666667,6
https://www.ramify.fr/epargne/livret-a-perte-pouvoir-achat,3,3,1.,23
https://www.ramify.fr/blog/levee-serie-a&source=gmail&ust=1720794320090000&usg=AOvVaw2kM3PXipC5V_AhBwWEqvw5,3,3,1.,0
https://www.ramify.fr/avis/fips-private-corner-buyout-eqt-strategy,3,5,0.,120
https://www.ramify.fr/epargne/fiscalite-cto,3,3,0.5,43
https://www.ramify.fr/legal/politique-de-confidentialite,3,3,1.,113
https://www.ramify.fr/campagnes/private-assets,3,2,0.,318
https://www.ramify.fr/avis/scpi-corum-xl,3,4,1.,52
https://www.ramify.fr/avis/scpi-corum-eurion,3,3,0.666666666667,195
https://www.ramify.fr/scpi/scpi-de-capitalisation,3,3,1.,2
https://www.ramify.fr/scpi/scpi-credit-vs-versements-programmes,3,5,0.666666666667,25
https://www.ramify.fr/gestion-de-patrimoine/pierre-papier,3,3,1.,58
https://www.ramify.fr/private-equity/fcpi-alto-innovation-2022,3,3,1.,38
https://www.ramify.fr/comparatif/vs-robo-advisor,3,5,0.,31
https://www.ramify.fr/crypto/solana,3,3,1.,16
https://www.ramify.fr/avis/scpi-paref-hexa,2,2,1.,45
https://www.ramify.fr/espace-presse/une-assurance-vie-luxembourgeoise-100-digitale-accessible-des-100-000-eu,2,2,0.,4
https://www.ramify.fr/private-equity/rpei-methodologie,2,3,0.5,12
https://www.ramify.fr/campagnes/per,2,4,0.,240
https://www.ramify.fr/scpi/ou-crowdfunding-immobilier,2,2,1.,84
https://www.ramify.fr/avis/fpci-quaero-infrastructure-private-investors,2,2,1.,3
https://www.ramify.fr/gestion-de-patrimoine/compte-titres-francais-ou-luxembourgeois-personne-morale,2,2,0.,149
https://www.ramify.fr/avis/fcpi-eurazeo-patrimoine-2024,2,2,1.,7
https://www.ramify.fr/avis/scpi-cristal-rente,2,2,0.,35
https://www.ramify.fr/scpi/ou-opci,2,2,1.,18
https://www.ramify.fr/avis/scpi-ncap-continent,2,2,1.,0
https://www.ramify.fr/avis/scpi-coeur-de-regions,2,4,0.5,54
https://www.ramify.fr/epargne/preparer-retraite-40-ans,2,2,1.,4
https://www.ramify.fr/scpi/rscpi-t2-2025,2,2,0.5,10
https://www.ramify.fr/finance-quantitative/democratiser-investissement-haut-de-gamme-la-performance-dun-portefeuille,2,2,1.,32
https://www.ramify.fr/finance-quantitative/comment-fait-on-pour-optimiser-votre-epargne,1,1,1.,6
https://www.ramify.fr/private-equity/ramify-private-equity-index-rpei-analyse-des-performances-au-t1-2025,1,1,0.,191
https://www.ramify.fr/gestion-de-patrimoine/bilan-2023-perspectives-2024-macro-economie,1,1,1.,5
https://www.ramify.fr/gestion-de-patrimoine/coaching-pratique-finances-ou-commencer,1,1,0.,9
https://www.ramify.fr/gestion-de-patrimoine/proprietaire-vs-locataire-episode-4-le-guide-pour-savoir-ce-qui-vous-correspond,1,1,0.,33
https://www.ramify.fr/private-equity/ramify-private-equity-index-rpei-analyse-des-performances-au-t3-2024,1,1,0.,5
https://www.ramify.fr/epargne/assurance-vie-ou-per,1,1,0.,8
https://www.ramify.fr/epargne/proprietaire-vs-locataire-1,1,1,0.,0
https://www.ramify.fr/scpi/rscpi-bilan-2024-perspectives-2025,1,1,1.,40
https://www.ramify.fr/epargne,1,1,0.,0
https://www.ramify.fr/espace-presse/lancement-ramify-crypto,1,1,0.,133
https://www.ramify.fr/feed,1,1,0.,6
https://www.ramify.fr/bours,1,1,0.,7
https://www.ramify.fr/legal/politique-des-cookies,1,2,0.,15
https://www.ramify.fr/private-equity/barometre-ramify-le-private-equity-et-les-epargnants-en-2023,1,1,0.,3
https://www.ramify.fr/campagnes/assurance-vie,1,1,0.,0
https://www.ramify.fr/espace-presse/performances-2024,1,1,0.,6
https://www.ramify.fr/epargne/proprietaire-vs-locataire-3-rentable-acheter,1,2,0.,5
https://www.ramify.fr/gestion-de-patrimoine/contrat-capitalisation-francais-ou-luxembourgeois-personne-morale,1,1,1.,0
https://www.ramify.fr/private-equity/rpei-performances-t1-2024,1,1,1.,1
https://www.ramify.fr/private-equity/rpei-performances-t2-2024,1,1,1.,22
https://www.ramify.fr/private-equity/apport-cession-150-0-d-ter,1,1,0.,0
https://www.ramify.fr/epargne/epargne-moyenne-des-francais%202023).,1,1,0.,4
https://www.ramify.fr/avis/scpi-altixia-commerces,1,1,1.,0
https://www.ramify.fr/ironman](https://www.ramify.fr/ironman,1,1,0.,14
https://www.ramify.fr/epargne/preparer-retraite,1,1,0.,49
https://www.ramify.fr/avis/scpi-novapierre-1,1,1,1.,62
https://www.ramify.fr/scpi/ou-sci,1,1,1.,21
https://www.ramify.fr/portefeuilles,1,1,0.,0
https://www.ramify.fr/wealth-ramifytour,1,1,0.,2
https://www.ramify.fr/gestion-de-patrimoine/sci,1,1,0.,554
https://www.ramify.fr/offre,1,1,0.,3
https://www.ramify.fr/private-equity/barometre-private-equity-2024,1,1,1.,36
https://www.ramify.fr/epargne/combien-avoir-de-cote-50-ans,1,1,0.,77
https://www.ramify.fr/epargne/investir-1000000%20%20EUROS,1,1,0.,2
https://www.ramify.fr/tf-monetaire-en-eur,1,1,0.,20
https://www.ramify.fr/scpi/scpi-fiscales,1,1,0.,47
https://www.ramify.fr/scpi/tout-sur-la-fiscalite-des-scpi,1,2,0.,11
https://www.ramify.fr/gestion-de-patrimoine/coaching-pratique-besoin-cash,1,1,0.,26
https://www.ramify.fr/avis/scpi-kyaneos-pierre,1,2,0.,4
https://www.ramify.fr/campagnes/scpi,1,1,0.,0
https://www.ramify.fr/outils,1,1,0.,1
https://www.ramify.fr/campagnes/assurance-vie-ramify,1,1,1.,4
